theta_deg,SPL_sim_dB,SPL_analytic_dB,directivity_sim,directivity_analytic,p_far_abs_sim_pa,p_far_abs_analytic_pa,p_far_real,p_far_imag,r_far_m
0.000000000000000000e+00,1.302295367337452490e+02,1.304545226783565113e+02,1.000000000000000000e+00,1.000000000000000000e+00,9.183787584164274165e+01,9.424777960769380059e+01,-7.732864746299722469e+01,4.954266565949473033e+01,4.000000000000000000e+00
2.500000000000000000e-01,1.302225578494449678e+02,1.304475854558079106e+02,9.991968489508201712e-01,9.992016415964334319e-01,9.176411615530608401e+01,9.417253610082650539e+01,-7.726475909238611450e+01,4.950565640570825821e+01,4.000000000000000000e+00
5.000000000000000000e-01,1.302016105706692031e+02,1.304267632239332215e+02,9.967900446181410246e-01,9.968091762358659569e-01,9.154308035782636921e+01,9.394705155280470876e+01,-7.707330844988237573e+01,4.939474350564788807e+01,4.000000000000000000e+00
7.500000000000001110e-01,1.301666629345600086e+02,1.303920242053804373e+02,9.927875220264871237e-01,9.928304223215044244e-01,9.117549718500067968e+01,9.357206283077070452e+01,-7.675493800972076031e+01,4.921027106261443862e+01,4.000000000000000000e+00
1.000000000000000000e+00,1.301176613840741254e+02,1.303433151541747179e+02,9.872024682101037119e-01,9.872783734246851628e-01,9.066257770604276800e+01,9.304879454997214339e+01,-7.631071545448854465e+01,4.895281098290810462e+01,4.000000000000000000e+00
1.250000000000000000e+00,1.300545303342583736e+02,1.302805609248216570e+02,9.800532654134527233e-01,9.801711428316594032e-01,9.000601010723721629e+01,9.237895384741959504e+01,-7.574212902974903727e+01,4.862316058695625998e+01,4.000000000000000000e+00
1.500000000000000222e+00,1.299771715542561310e+02,1.302036638582544583e+02,9.713634119914249521e-01,9.715318863035176111e-01,8.920795242758295274e+01,9.156472310218096311e+01,-7.505108107322377009e+01,4.822233928442598483e+01,4.000000000000000000e+00
1.750000000000000000e+00,1.298854633538661858e+02,1.301125029734205327e+02,9.611614214257898636e-01,9.613887034409032140e-01,8.827102328467854875e+01,9.060875063922473771e+01,-7.423987975093574221e+01,4.775158433278275538e+01,4.000000000000000000e+00
2.000000000000000000e+00,1.297792595596824867e+02,1.300069329495025556e+02,9.494806999889712218e-01,9.497745181531632719e-01,8.719829063962318116e+01,8.951413946390290732e+01,-7.331122904177041733e+01,4.721234570382279827e+01,4.000000000000000000e+00
2.250000000000000000e+00,1.296583882615711900e+02,1.298867828794746515e+02,9.363594036978167834e-01,9.367269388366417093e-01,8.599325865995473350e+01,8.828443408406548087e+01,-7.226821702067704223e+01,4.660628008766850172e+01,4.000000000000000000e+00
2.500000000000000000e+00,1.295226503053230260e+02,1.297518547707540506e+02,9.218402753076816447e-01,9.222880989683848174e-01,8.465985274953263229e+01,8.692360548637121553e+01,-7.111430249930658931e+01,4.593524406824964501e+01,4.000000000000000000e+00
2.750000000000000000e+00,1.293718175015764587e+02,1.296019217629274465e+02,9.059704622005200214e-01,9.065044789189944385e-01,8.320240282376704499e+01,8.543603434254470130e+01,-6.985330009092022863e+01,4.520128650886212540e+01,4.000000000000000000e+00
3.000000000000000444e+00,1.292056305143026691e+02,1.294367260256749148e+02,8.888013161192133138e-01,8.894267098811626804e-01,8.162562491764496997e+01,8.382649253007603818e+01,-6.848936377453561875e+01,4.440664018990168671e+01,4.000000000000000000e+00
3.250000000000000000e+00,1.290237963839870758e+02,1.292559762917850037e+02,8.703881757935616470e-01,8.711093608980585712e-01,7.993460122256303180e+01,8.210012306011923044e+01,-6.702696904048292481e+01,4.355371274479729493e+01,4.000000000000000000e+00
3.500000000000000000e+00,1.288259856307667235e+02,1.290593449701711961e+02,8.507901335911186580e-01,8.516107100576770783e-01,7.813475865603579962e+01,8.026241851306757269e+01,-6.547089370679302078e+01,4.264507694295758000e+01,4.000000000000000000e+00
3.749999999999999556e+00,1.286118288707128556e+02,1.288464647715803437e+02,8.300697874078161176e-01,8.309925009950942520e-01,7.623184607585780270e+01,7.831919808943190731e+01,-6.382619750230774969e+01,4.168346037134730153e+01,4.000000000000000000e+00
4.000000000000000000e+00,1.283809128635709556e+02,1.286169247645906637e+02,8.082929790894235467e-01,8.093196859138442889e-01,7.423191025728601744e+01,7.627658339017597200e+01,-6.209820051848878109e+01,4.067173456850990476e+01,4.000000000000000000e+00
4.250000000000000000e+00,1.281327758917889810e+02,1.283702657607062747e+02,7.855285207450358742e-01,7.866601563999942037e-01,7.214127075825189195e+01,7.414097304654059428e+01,-6.029246063746365536e+01,3.961290366654917250e+01,4.000000000000000000e+00
4.500000000000000000e+00,1.278669023475210338e+02,1.281059749037698907e+02,7.618479103786091056e-01,7.630844633575966096e-01,6.996649380356566894e+01,7.191901632458205995e+01,-5.841475004871116283e+01,3.851009259805788076e+01,4.000000000000000000e+00
4.750000000000000000e+00,1.275827163750922324e+02,1.278234793090768306e+02,7.373250383244276396e-01,7.386655274417879280e-01,6.771436532457326507e+01,6.961758583413453039e+01,-5.647103097126178284e+01,3.736653492568667900e+01,4.000000000000000000e+00
5.000000000000000000e+00,1.272795743792739529e+02,1.275221385595127543e+02,7.120358860284302649e-01,7.134783414056021789e-01,6.539186329587306545e+01,6.724374947565810601e+01,-5.446743070181309321e+01,3.618556035284433392e+01,4.000000000000000000e+00
5.250000000000000000e+00,1.269567561621109206e+02,1.272012358170864843e+02,6.860582187708942348e-01,6.875996658084375657e-01,6.300612951561995345e+01,6.480474176143754050e+01,-5.241021611240757494e+01,3.497058197385067047e+01,4.000000000000000000e+00
5.500000000000000000e+00,1.266134543894990827e+02,1.268599672447136300e+02,6.594712739793814338e-01,6.611077195578917154e-01,6.056444098084839567e+01,6.230793464983722174e+01,-5.030576772351161452e+01,3.372508332192472125e+01,4.000000000000000000e+00
5.750000000000000000e+00,1.262487620084640696e+02,1.264974293499385425e+02,6.323554468373105975e-01,6.340818667722782909e-01,5.807418101443144565e+01,5.976080803278874498e+01,-4.816055348014253923e+01,3.245260527266307093e+01,4.000000000000000000e+00
6.000000000000000888e+00,1.258616571304759901e+02,1.261126037523121113e+02,6.047919749576786685e-01,6.066023014585553153e-01,5.554281030618520276e+01,5.717092001738575391e+01,-4.598110235956073666e+01,3.115673285998503772e+01,4.000000000000000000e+00
6.250000000000000000e+00,1.254509847557856688e+02,1.257043387292173406e+02,5.768626239705381131e-01,5.787497314996049580e-01,5.297783803789052826e+01,5.454587714238672902e+01,-4.377397793934260051e+01,2.984108206038963118e+01,4.000000000000000000e+00
6.500000000000000000e+00,1.250154345253076258e+02,1.252713266964430119e+02,5.486493759771132739e-01,5.506050634359151985e-01,5.038679327158089905e+01,5.189330466958840304e+01,-4.154575205413219408e+01,2.850928660015190275e+01,4.000000000000000000e+00
6.750000000000000000e+00,1.245535134306986151e+02,1.248120765084180448e+02,5.202341229688683955e-01,5.222490895098209629e-01,4.777719679380083306e+01,4.922081708844035575e+01,-3.930297866824037811e+01,2.716498483852723211e+01,4.000000000000000000e+00
7.000000000000000000e+00,1.240635120617241682e+02,1.243248790871389815e+02,4.916983675207411419e-01,4.937621784157340543e-01,4.515653362790824588e+01,4.653598896994088818e+01,-3.705216808921034755e+01,2.581180677862962369e+01,4.000000000000000000e+00
7.250000000000000888e+00,1.235434624807957249e+02,1.238077643608578455e+02,4.631229333820745531e-01,4.652239711674570621e-01,4.253222645536034463e+01,4.384632630280658816e+01,-3.479976164499983327e+01,2.445336125568942265e+01,4.000000000000000000e+00
7.499999999999999112e+00,1.229910851243872827e+02,1.232584467405867201e+02,4.345876890674179593e-01,4.367130834539693640e-01,3.991161023087997251e+01,4.115923844116609587e+01,-3.255210694395855597e+01,2.309322335081804667e+01,4.000000000000000000e+00
7.750000000000000000e+00,1.224037211428170622e+02,1.226742552703621811e+02,4.061712882910031852e-01,4.083068158083189569e-01,3.730190834450922921e+01,3.848201078862167179e+01,-3.031543383289249860e+01,2.173492207636558504e+01,4.000000000000000000e+00
8.000000000000000000e+00,1.217782451520454714e+02,1.220520429738634363e+02,3.779509322584970188e-01,3.800808728607787401e-01,3.471021079098897388e+01,3.582177833848255943e+01,-2.809583116377982748e+01,2.038192837714982275e+01,4.000000000000000000e+00
8.250000000000000000e+00,1.211109512425526447e+02,1.213880674876230046e+02,3.500021607099986776e-01,3.521090928876134951e-01,3.214345497959154585e+01,3.318550018433678162e+01,-2.589922447446632603e+01,1.903764348983962051e+01,4.000000000000000000e+00
8.500000000000000000e+00,1.203974018794581156e+02,1.206778313200421593e+02,3.223986816962723378e-01,3.244631888010771625e-01,2.960841010113155747e+01,3.057993510893346212e+01,-2.373135468280745286e+01,1.770538770079836866e+01,4.000000000000000000e+00
8.750000000000000000e+00,1.196322243851985547e+02,1.199158641425506033e+02,2.952122552691155977e-01,2.972125016550461463e-01,2.711166644633637901e+01,2.801161835263611977e+01,-2.159775788728249424e+01,1.638838954076112486e+01,4.000000000000000000e+00
9.000000000000000000e+00,1.188088319189145778e+02,1.190954198639789468e+02,2.685126552744651063e-01,2.704237676644980493e-01,2.465963189700614322e+01,2.548683965552580588e+01,-1.950374636021817309e+01,1.508977545267387654e+01,4.000000000000000000e+00
9.250000000000000000e+00,1.179190333411501967e+02,1.182080450086901777e+02,2.423677495735647169e-01,2.441608996563344736e-01,2.225853929335539760e+01,2.301162265962645392e+01,-1.745439081235203815e+01,1.381255996705632505e+01,4.000000000000000000e+00
9.500000000000000000e+00,1.169524756808862520e+02,1.172429466030120579e+02,2.168437690666523143e-01,2.184847837843672536e-01,1.991447114057706713e+01,2.059170574974367796e+01,-1.545450399970630961e+01,1.255963641718734536e+01,4.000000000000000000e+00
9.750000000000000000e+00,1.158958279618121310e+02,1.161860362003141489e+02,1.920058944282306002e-01,1.934530922531761954e-01,1.763341349336340613e+01,1.823252440310420752e+01,-1.350862573554561941e+01,1.133376822442056131e+01,4.000000000000000000e+00
1.000000000000000000e+01,1.147315547085725882e+02,1.150184278660510699e+02,1.679194096509314948e-01,1.691201127045397767e-01,1.542136189492419263e+01,1.593919510940580153e+01,-1.162100936179650112e+01,1.013758078178704203e+01,4.000000000000000000e+00
1.025000000000000000e+01,1.134360216279332434e+02,1.137139668654923241e+02,1.446519340527659125e-01,1.455365948268339538e-01,1.328452635979141050e+01,1.371650091409367533e+01,-9.795609725585103789e+00,8.973553961949265911e+00,4.000000000000000000e+00
1.050000000000000000e+01,1.119764934504278528e+02,1.122349254267278553e+02,1.222778617893350156e-01,1.227496146527251170e-01,1.122973908919050068e+01,1.156887862871937855e+01,-8.036072697690462618e+00,7.844015273361405249e+00,4.000000000000000000e+00
1.075000000000000000e+01,1.103063031894365906e+02,1.105239450291380194e+02,1.008877235834370889e-01,1.008024569142571686e-01,9.265314232401667738e+00,9.500407743168960195e+00,-6.345726260739972702e+00,6.751133686196710393e+00,4.000000000000000000e+00
1.100000000000000000e+01,1.083572844404129114e+02,1.084874498955155673e+02,8.060971493493006290e-02,7.973451572759650274e-02,7.403024991824321610e+00,7.514801065420710025e+00,-4.727573185919847099e+00,5.696914147268428152e+00,4.000000000000000000e+00
1.125000000000000000e+01,1.060303561928613050e+02,1.059567096058603397e+02,6.166531764701536911e-02,5.958121378284343683e-02,5.663211785802058529e+00,5.615397105364316133e+00,-3.184285307949638710e+00,4.683192800688801505e+00,4.000000000000000000e+00
1.150000000000000000e+01,1.032036514889450416e+02,1.025765453693111340e+02,4.453543901109537767e-02,4.037394011798153132e-02,4.090040118454029816e+00,3.805154210133750325e+00,-1.718199399139908268e+00,3.711632928423649780e+00,4.000000000000000000e+00
1.175000000000000000e+01,9.992270419389816993e+01,9.735807754388416413e+01,3.052518980135968812e-02,2.214000646078685339e-02,2.803368591019850253e+00,2.086646449429156114e+00,-3.313146344979412961e-01,2.783721622232388171e+00,4.000000000000000000e+00
1.200000000000000178e+01,9.756157848796327414e+01,8.426309092426932068e+01,2.325959174702015714e-02,4.902622028877121757e-03,2.136111498990135527e+00,4.620612404774356308e-01,9.747083687407194219e-01,1.900767195640930884e+00,4.000000000000000000e+00
1.225000000000000000e+01,9.872555865562974020e+01,9.153077090669083304e+01,2.659506744909734613e-02,1.131911341343880793e-02,2.442434502390316453e+00,1.066801306344271394e+00,2.198546962168227203e+00,1.063897341667649821e+00,4.000000000000000000e+00
1.250000000000000000e+01,1.014711417349076328e+02,9.892278228086325953e+01,3.648213533313077878e-02,2.651019853174483784e-02,3.350441815162072512e+00,2.498527348576095264e+00,3.339214360903769219e+00,2.740580389635672853e-01,4.000000000000000000e+00
1.275000000000000000e+01,1.038793058988542839e+02,1.026378064635629528e+02,4.813804607357397708e-02,4.065970180758471386e-02,4.420895898564165094e+00,3.832086614875793273e+00,4.396056062704427170e+00,-4.679867941524772923e-01,4.000000000000000000e+00
1.300000000000000000e+01,1.057652653763474859e+02,1.050638235275587107e+02,5.981173935992529361e-02,5.376071579234247694e-02,5.492983093209515388e+00,5.066828093548557455e+00,5.368744839532656243e+00,-1.161654901542207963e+00,4.000000000000000000e+00
1.325000000000000000e+01,1.072445083861960029e+02,1.068203993987147555e+02,7.091671052446425760e-02,6.581029476560996960e-02,6.512840056243467401e+00,6.202474156986573561e+00,6.257274356471793197e+00,-1.806544554128107549e+00,4.000000000000000000e+00
1.350000000000000000e+01,1.084231931304210406e+02,1.081628074628447536e+02,8.122370948641093047e-02,7.680937640873700123e-02,7.459412947210666722e+00,7.239113179575040746e+00,7.061951479223735006e+00,-2.402432688360657931e+00,4.000000000000000000e+00
1.375000000000000000e+01,1.093751366522130297e+02,1.092211826648124031e+02,9.063167280615129495e-02,8.676268817361235119e-02,8.323420314491711380e+00,8.177190713157678204e+00,7.783387337246630899e+00,-2.949272332302004695e+00,4.000000000000000000e+00
1.400000000000000000e+01,1.101505260779385367e+02,1.100708224662114390e+02,9.909448095159612002e-02,9.567863909109317055e-02,9.100626638224715848e+00,9.017499290221426378e+00,8.422487214856284155e+00,-3.447189336829026729e+00,4.000000000000000000e+00
1.425000000000000178e+01,1.107841528551988972e+02,1.107591349284894875e+02,1.065935205091092103e-01,1.035691978226221666e-01,9.789322502039171425e+00,9.761166930532134245e+00,8.980439347315234855e+00,-3.896478432908715650e+00,4.000000000000000000e+00
1.450000000000000178e+01,1.113007798577881431e+02,1.113178180366119250e+02,1.131259283514153419e-01,1.104497578121834273e-01,1.038924496240785444e+01,1.040964443200581968e+01,9.458702703021364400e+00,-4.297598639330258763e+00,4.000000000000000000e+00
1.475000000000000178e+01,1.117184752627555611e+02,1.117690284942767107e+02,1.186989634492560536e-01,1.163389904436789440e-01,1.090106066778446703e+01,1.096469153111744887e+01,9.858993836414573053e+00,-4.651168048593489424e+00,4.000000000000000000e+00
1.499999999999999822e+01,1.120507030047329664e+02,1.121287799160554073e+02,1.233270415685809446e-01,1.212586871508733316e-01,1.132609353149245024e+01,1.142836202211380225e+01,1.018327289909164080e+01,-4.957958021881676558e+00,4.000000000000000000e+00
1.525000000000000000e+01,1.123076647394370156e+02,1.124089393884894292e+02,1.270300298920281346e-01,1.252335914631443059e-01,1.166616811338424675e+01,1.180298792769838911e+01,1.043372889889401200e+01,-5.218886827104733506e+00,4.000000000000000000e+00
1.550000000000000000e+01,1.124971837269219463e+02,1.126184615163384422e+02,1.298321800910763879e-01,1.282912220003024351e-01,1.192351163545407289e+01,1.209116281668622150e+01,1.061276429839938729e+01,-5.435012756878132123e+00,4.000000000000000000e+00
1.575000000000000000e+01,1.126253009814381159e+02,1.127641825102502366e+02,1.317614035508327397e-01,1.304616874536662918e-01,1.210068742002196274e+01,1.229572436638097166e+01,1.072297904530289081e+01,-5.607526765970261451e+00,4.000000000000000000e+00
1.600000000000000000e+01,1.126966854410052719e+02,1.128513476055255040e+02,1.328487386695131056e-01,1.317774946083840604e-01,1.220054596764958710e+01,1.241973626910503903e+01,1.076715412765390312e+01,-5.737744670171033512e+00,4.000000000000000000e+00
1.625000000000000000e+01,1.127149203403652962e+02,1.128839697649743101e+02,1.331279303362397082e-01,1.322733504737201304e-01,1.222618633727444681e+01,1.246646958341841582e+01,1.074823474683912750e+01,-5.827098950643998521e+00,4.000000000000000000e+00
1.650000000000000000e+01,1.126827046302157385e+02,1.128650773637943701e+02,1.326350772973323155e-01,1.319859595937350194e-01,1.218092376107909303e+01,1.243938363110031808e+01,1.066931320055711652e+01,-5.877130209688986362e+00,4.000000000000000000e+00
1.675000000000000000e+01,1.126019941316522477e+02,1.127968859513050148e+02,1.314083220681908359e-01,1.309538176105862206e-01,1.206826116665711268e+01,1.234210654094866122e+01,1.053361156689078015e+01,-5.889478325328044050e+00,4.000000000000000000e+00
1.700000000000000000e+01,1.124740982539371856e+02,1.126809159008704455e+02,1.294875685557469736e-01,1.292170021467017316e-01,1.189186324405889295e+01,1.217841553988924197e+01,1.034446427894399712e+01,-5.865873353308145077e+00,4.000000000000000000e+00
1.725000000000000000e+01,1.122997423377133259e+02,1.125180695846975709e+02,1.269142185994417416e-01,1.268169620604911729e-01,1.165553225027463746e+01,1.195221709079443784e+01,1.010530067741918536e+01,-5.808126225913441409e+00,4.000000000000000000e+00
1.750000000000000000e+01,1.120791017328132284e+02,1.123086764026430018e+02,1.237309222288374005e-01,1.237963061132683479e-01,1.136318507342392259e+01,1.166752697480991152e+01,9.819627625989051367e+00,-5.718119297443598370e+00,4.000000000000000000e+00
1.775000000000000000e+01,1.118118107950282223e+02,1.120525102907753023e+02,1.199813386351508554e-01,1.201985920628810683e-01,1.101883128088907782e+01,1.132845041389750840e+01,9.491012271415876000e+00,-5.597796786284123804e+00,4.000000000000000000e+00
1.800000000000000000e+01,1.114969475676906541e+02,1.117487814680182368e+02,1.157099062456558580e-01,1.160681171724347593e-01,1.062655200343666451e+01,1.093916232674761169e+01,9.123065027106701308e+00,-5.449155163227264786e+00,4.000000000000000000e+00
1.825000000000000000e+01,1.111329926014993248e+02,1.113961016184213406e+02,1.109616212090061699e-01,1.114497110907390343e-01,1.019047959178010032e+01,1.050388780822111912e+01,8.719422855221274915e+00,-5.274233535058114875e+00,4.000000000000000000e+00
1.850000000000000000e+01,1.107177577804203565e+02,1.109924190069561973e+02,1.057818242508826861e-01,1.063885320249825794e-01,9.714778041855037571e+00,1.002688291907663221e+01,8.283732918590482441e+00,-5.075104071442203768e+00,4.000000000000000000e+00
1.875000000000000000e+01,1.102482777085675281e+02,1.105349167050263475e+02,1.002159963830941830e-01,1.009298670859874042e-01,9.203624233177121639e+00,9.512415868953969067e+00,7.819636669613129420e+00,-4.853862521823920417e+00,4.000000000000000000e+00
1.900000000000000000e+01,1.097206515180819792e+02,1.100198625007780464e+02,9.430956446334820553e-02,9.511893764252263295e-02,8.661190071864375284e+00,8.964748671450442075e+00,7.330754438979190546e+00,-4.612618867449262972e+00,4.000000000000000000e+00
1.925000000000000000e+01,1.091298158197513288e+02,1.094423921491596587e+02,8.810771824123155016e-02,8.900071047393255663e-02,8.091625688528663929e+00,8.388119345675359995e+00,6.820670582604459575e+00,-4.353488151683786000e+00,4.000000000000000000e+00
1.950000000000000000e+01,1.084692180846990226e+02,1.087961965772679491e+02,8.165524149083240590e-02,8.261971546010199452e-02,7.499043929854421364e+00,7.786724733934065057e+00,6.292919240535857384e+00,-4.078581529647292925e+00,4.000000000000000000e+00
1.975000000000000000e+01,1.077303406087133055e+02,1.080730651866994378e+02,7.499636148976833450e-02,7.601987049491365500e-02,6.887506535072301261e+00,7.164704000210046608e+00,5.750970756858111876e+00,-3.789997575781084649e+00,4.000000000000000000e+00
2.000000000000000000e+01,1.069019917876900081e+02,1.072622050520341617e+02,6.817462420705400206e-02,6.924431425422135356e-02,6.261012673478076884e+00,6.526122868917744846e+00,5.198218804850431418e+00,-3.489813885345813826e+00,4.000000000000000000e+00
2.025000000000000000e+01,1.059692203543966258e+02,1.063491964267261949e+02,6.123280875627553493e-02,6.233524739234148904e-02,5.623491087993887305e+00,5.874958658024469926e+00,4.637968256767610598e+00,-3.180079003100817037e+00,4.000000000000000000e+00
2.050000000000000000e+01,1.049115907842853659e+02,1.053143298805787254e+02,5.421290786374215187e-02,5.533378268253528326e-02,4.978798301404768978e+00,5.215086155123609402e+00,4.073423832774673237e+00,-2.862804709485839538e+00,4.000000000000000000e+00
2.075000000000000000e+01,1.037003185260919480e+02,1.041298327453618242e+02,4.715623134157607976e-02,4.827980455728801690e-02,4.330728119107446261e+00,4.550264379417812144e+00,3.507679558684611010e+00,-2.539958691635368027e+00,4.000000000000000000e+00
2.100000000000000000e+01,1.022932397346411761e+02,1.027549624515814344e+02,4.010376530571687498e-02,4.121183844376106326e-02,3.683044618928806191e+00,3.884124266875475406e+00,2.943709057312740462e+00,-2.213457623474045288e+00,4.000000000000000000e+00
2.125000000000000000e+01,1.006253439799419596e+02,1.011266418946537442e+02,3.309713202076294825e-02,3.416693022896581666e-02,3.039570301237286110e+00,3.220157310091021241e+00,2.384356693481122669e+00,-1.885160676020878334e+00,4.000000000000000000e+00
2.150000000000000000e+01,9.858932183891995749e+01,9.913968305467669495e+01,2.618118233389500615e-02,2.718053612833918470e-02,2.404424172567659834e+00,2.561705178642670333e+00,1.832329587969086848e+00,-1.556863475928673690e+00,4.000000000000000000e+00
2.175000000000000000e+01,9.599092774612343248e+01,9.659863228920387712e+01,1.941196728016335651e-02,2.028642317084376756e-02,1.782753840917673527e+00,1.911950340034096252e+00,1.290190511084974734e+00,-1.230292527171082506e+00,4.000000000000000000e+00
2.200000000000000000e+01,9.243337377713578462e+01,9.307185935382925379e+01,1.288818769310399147e-02,1.351658045379263220e-02,1.183623781183072321e+00,1.273907695658709871e+00,7.603516619888163186e-01,-9.071001077571085869e-01,4.000000000000000000e+00
2.225000000000000000e+01,8.706306615311032715e+01,8.723294102252695836e+01,6.945067498567902321e-03,6.901141261650043171e-03,6.378202466453073427e-01,6.504172406695551967e-01,2.450693354852901407e-01,-5.888596503713587893e-01,4.000000000000000000e+00
2.250000000000000000e+01,8.246301816917336680e+01,6.386530417553687755e+01,4.089536340435512632e-03,4.683160853692473497e-04,3.755743306828026040e-01,4.413775120061873974e-02,-2.535605262834609297e-01,-2.770616129648592052e-01,4.000000000000000000e+00
2.275000000000000000e+01,8.828418763054317253e+01,8.565643055103207359e+01,7.993418381075248144e-03,5.755663477293775088e-03,7.340985648314934942e-01,5.424585029040362993e-01,-7.336059039567451867e-01,2.689015744589809409e-02,4.000000000000000000e+00
2.300000000000000000e+01,9.280876239748178591e+01,9.185275889922083081e+01,1.345740377626428869e-02,1.174659001435478765e-02,1.235899377155413870e+00,1.107090026814846695e+00,-1.193301403589363652e+00,3.216815671511100705e-01,4.000000000000000000e+00
2.325000000000000000e+01,9.578018645304464940e+01,9.530650145779117111e+01,1.894665233233977161e-02,1.748231491114123418e-02,1.740020304512190918e+00,1.647669362777538060e+00,-1.631050106322036175e+00,6.060909261666692638e-01,4.000000000000000000e+00
2.350000000000000000e+01,9.792075230878560888e+01,9.766744063573982260e+01,2.424157197370097397e-02,2.294277245679099408e-02,2.226294477126996352e+00,2.162305362097105110e+00,-2.045424583260289086e+00,8.789911109224241015e-01,4.000000000000000000e+00
2.375000000000000000e+01,9.955937773528094681e+01,9.943173763427532208e+01,2.927467282493473669e-02,2.810999366908620289e-02,2.688523768201068975e+00,2.649304488097704358e+00,-2.435167097192928232e+00,1.139351245635446208e+00,4.000000000000000000e+00
2.400000000000000355e+01,1.008623142307276055e+02,1.008164037175517933e+02,3.401252506614648591e-02,3.296811010568716227e-02,3.123638054085522420e+00,3.107171175322986478e+00,-2.799189016047184175e+00,1.386237910811843443e+00,4.000000000000000000e+00
2.425000000000000000e+01,1.019238040226194641e+02,1.019359234679541260e+02,3.843380341544663098e-02,3.750334797163927536e-02,3.529678866189892350e+00,3.534607274181708725e+00,-3.136569466042799181e+00,1.618815889196654423e+00,4.000000000000000000e+00
2.450000000000000000e+01,1.028020562918113114e+02,1.028580795976112654e+02,4.252320380324341870e-02,4.170401287182481931e-02,3.905240711271139809e+00,3.930510613900171091e+00,-3.446553255358763668e+00,1.836348461198317406e+00,4.000000000000000000e+00
2.475000000000000000e+01,1.035353923256105304e+02,1.036262857500202301e+02,4.626928406257192761e-02,4.556046559269311125e-02,4.249272765020180032e+00,4.293972720004056498e+00,-3.728548101757453992e+00,2.038197263373477064e+00,4.000000000000000000e+00
2.500000000000000000e+01,1.041502914112337663e+02,1.042699745558929436e+02,4.966354699754681190e-02,4.906508933003764922e-02,4.560994663016293416e+00,4.624275725609196641e+00,-3.982121200022127994e+00,2.223821724958508383e+00,4.000000000000000000e+00
2.525000000000000000e+01,1.046657469458290421e+02,1.048099706564117923e+02,5.269998730617125177e-02,5.221224880871210006e-02,4.839854891080303645e+00,4.920888518545571522e+00,-4.206995167230854094e+00,2.392778098698284506e+00,4.000000000000000000e+00
2.550000000000000000e+01,1.050957852608601399e+02,1.052614987942227742e+02,5.537483260122464529e-02,5.499824176595035502e-02,5.085507001183019682e+00,5.183462168767949407e+00,-4.403043405831974511e+00,2.544718103335039228e+00,4.000000000000000000e+00
2.575000000000000000e+01,1.054510012850448533e+02,1.056359745116305078e+02,5.768637217419006480e-02,5.742124329233430635e-02,5.297793885488061960e+00,5.411824682615689497e+00,-4.570284926171107820e+00,2.679387196119263237e+00,4.000000000000000000e+00
2.600000000000000000e+01,1.057395360488589944e+02,1.059421234686330848e+02,5.963482728117973364e-02,5.948124354344228037e-02,5.476735863686793770e+00,5.605975132273908201e+00,-4.708878671560713158e+00,2.796622494566211259e+00,4.000000000000000000e+00
2.625000000000000355e+01,1.059677212323835533e+02,1.061867091997075647e+02,6.122224132631819832e-02,6.117997935080710104e-02,5.622520597673499765e+00,5.766077210258125696e+00,-4.819117390172950266e+00,2.896350367444419316e+00,4.000000000000000000e+00
2.650000000000000000e+01,1.061405165033213649e+02,1.063750215820216880e+02,6.245237926793596045e-02,6.252086027306270888e-02,5.735493853223886163e+00,5.892452259899033429e+00,-4.901421098968708812e+00,2.978583715619448569e+00,4.000000000000000000e+00
2.675000000000000000e+01,1.062618130097269642e+02,1.065112130739987748e+02,6.333063079892037317e-02,6.350888963709845625e-02,5.816150608284164747e+00,5.985571833646604389e+00,-4.956330185543418310e+00,3.043418963947520428e+00,4.000000000000000000e+00
2.700000000000000000e+01,1.063346474299187463e+02,1.065985345763254486e+02,6.386391449586525937e-02,6.415058112474794627e-02,5.865126250232561844e+00,6.046049831550726061e+00,-4.984498194197947818e+00,3.091032785850786890e+00,4.000000000000000000e+00
2.725000000000000000e+01,1.063613542703294144e+02,1.066395028513418879e+02,6.406058153579391456e-02,6.445387146309491944e-02,5.883187733427672761e+00,6.074634272516394873e+00,-4.986684342688706195e+00,3.121678582611787878e+00,4.000000000000000000e+00
2.750000000000000000e+01,1.063436740760081989e+02,1.066360196928352053e+02,6.393031835640693161e-02,6.442802977598241498e-02,5.871224639732393946e+00,6.072198750884724383e+00,-4.963745816029820901e+00,3.135682739699159782e+00,4.000000000000000000e+00
2.775000000000000000e+01,1.062828289716230046e+02,1.065894558385114834e+02,6.348404808086031970e-02,6.408356415088126146e-02,5.830240125574928101e+00,6.039733630567764244e+00,-4.916629883362392484e+00,3.133440682682833156e+00,4.000000000000000000e+00
2.800000000000000000e+01,1.061795728974077235e+02,1.065007080244349424e+02,6.273383078988262196e-02,6.343212596903206879e-02,5.761341763151865081e+00,5.978337028376804696e+00,-4.846365883327332647e+00,3.115412755440075010e+00,4.000000000000000000e+00
2.825000000000000000e+01,1.060342211407593851e+02,1.063702345128050410e+02,6.169276288095505711e-02,6.248641253786699212e-02,5.665732297789056737e+00,5.889205637344322675e+00,-4.754057122540791269e+00,3.082119943452758193e+00,4.000000000000000000e+00
2.850000000000000355e+01,1.058466617479272998e+02,1.061980722477473904e+02,6.037487584952434122e-02,6.126006855328835349e-02,5.544700352223211226e+00,5.773625439762533951e+00,-4.640872730726226081e+00,3.034139465012428705e+00,4.000000000000000000e+00
2.875000000000000000e+01,1.056163497814679175e+02,1.059838371125001970e+02,5.879503488527628580e-02,5.976758690559410420e-02,5.399611113899057457e+00,5.632962358362118671e+00,-4.508039514773770406e+00,2.972100253117395230e+00,4.000000000000000000e+00
2.900000000000000355e+01,1.053422839137482470e+02,1.057267073025108175e+02,5.696883771247307493e-02,5.802420932685858901e-02,5.231897044680796860e+00,5.468652892548459654e+00,-4.356833852529551798e+00,2.896678350730739648e+00,4.000000000000000000e+00
2.925000000000000000e+01,1.050229632937747368e+02,1.054253883721354441e+02,5.491251412698103934e-02,5.604582735957788081e-02,5.043048654546137932e+00,5.282194784916351082e+00,-4.188573665440377347e+00,2.808592241906785247e+00,4.000000000000000000e+00
2.950000000000000355e+01,1.046563207546476519e+02,1.050780568379480684e+02,5.264282670153862947e-02,5.384888410654644492e-02,4.834605382569019838e+00,5.075137761394034719e+00,-4.004610507338099090e+00,2.708598141046883789e+00,4.000000000000000000e+00
2.975000000000000000e+01,1.042396259263968119e+02,1.046822770577191193e+02,5.017697315248138834e-02,5.145027720043508779e-02,4.608146630487026663e+00,4.849074386341359677e+00,-3.806321804642707640e+00,2.597485262243159454e+00,4.000000000000000000e+00
2.999999999999999645e+01,1.037693482073309070e+02,1.042348830583316754e+02,4.753249089485793444e-02,4.886726340856351741e-02,4.365282997245977015e+00,4.605631071761414397e+00,-3.595103281114026661e+00,2.476071090289609256e+00,4.000000000000000000e+00
3.025000000000000000e+01,1.032409640439267946e+02,1.037318124305379854e+02,4.472716437335342438e-02,4.611736526410358666e-02,4.107647768468778438e+00,4.346459277498748719e+00,-3.372361598013992268e+00,2.345196674491725641e+00,4.000000000000000000e+00
3.050000000000000000e+01,1.026486842154251349e+02,1.031678722733708469e+02,4.177893586927085290e-02,4.321828008958546186e-02,3.836888725158051017e+00,4.073226936906832130e+00,-3.139507238168945946e+00,2.205721965871893619e+00,4.000000000000000000e+00
3.075000000000000355e+01,1.019850623426717107e+02,1.025364055411176309e+02,3.870582069824066163e-02,4.018779175229868217e-02,3.554660355633911362e+00,3.787610139990540858e+00,-2.897947659960691258e+00,2.058521217778373380e+00,4.000000000000000000e+00
3.100000000000000000e+01,1.012404209414657714e+02,1.018288064378689910e+02,3.552582812866141027e-02,3.704368546417308172e-02,3.262616592851545594e+00,3.491285103484115027e+00,-2.649080744760538231e+00,1.904478469211237535e+00,4.000000000000000000e+00
3.125000000000000355e+01,1.004019866468141515e+02,1.010337986949464266e+02,3.225689018105682565e-02,3.380366591115074870e-02,2.962404275485401417e+00,3.185920454726247630e+00,-2.394288558748237428e+00,1.744483129428735069e+00,4.000000000000000000e+00
3.150000000000000000e+01,9.945254202053013159e+01,1.001363261499809880e+02,2.891680220324666789e-02,3.048527896912407373e-02,2.655657690479108712e+00,2.873169853561068354e+00,-2.134931447480988176e+00,1.579425681555661543e+00,4.000000000000000000e+00
3.175000000000000355e+01,9.836823340762821033e+01,9.911577920146740439e+01,2.552318296104873901e-02,2.710583723535172490e-02,2.343994907860325494e+00,2.554664973839449793e+00,-1.872342478980973723e+00,1.410193521995657839e+00,4.000000000000000000e+00
3.200000000000000000e+01,9.711481582780251642e+01,9.794301842763844945e+01,2.209347117976528940e-02,2.368234957607697616e-02,2.029017463118196751e+00,2.232008863438463386e+00,-1.607822248539421794e+00,1.237666951461595888e+00,4.000000000000000000e+00
3.225000000000000000e+01,9.564078435313703608e+01,9.657506496673819640e+01,1.864499971116679797e-02,2.023145486297816056e-02,1.712317168541601209e+00,1.906769699068970647e+00,-1.342634055895540079e+00,1.062715332359431830e+00,4.000000000000000000e+00
3.250000000000000000e+01,9.386370002560759929e+01,9.494485246359717223e+01,1.519526101728254329e-02,1.676936004326977370e-02,1.395500494686548132e+00,1.580474949520156214e+00,-1.077999462960848032e+00,8.861934261359216691e-01,4.000000000000000000e+00
3.275000000000000000e+01,9.163970298188652919e+01,9.293924704544402005e+01,1.176273498372952357e-02,1.331178266084943017e-02,1.080264594993899596e+00,1.254605958405256905e+00,-8.150942378374875785e-01,7.089379229815957473e-01,4.000000000000000000e+00
3.300000000000000000e+01,8.868385594723821441e+01,9.034429533769198883e+01,8.369816963625108935e-03,9.873897919014539351e-03,7.686662111226779670e-01,9.305929549401487089e-01,-5.550446885456962187e-01,5.317641750239521237e-01,4.000000000000000000e+00
3.325000000000000000e+01,8.430779960483967272e+01,8.667299807276614843e+01,5.057235100407701453e-03,6.470290349059402112e-03,4.644457292532401249e-01,6.098104988159387396e-01,-2.989243876228441232e-01,3.554631428233899215e-01,4.000000000000000000e+00
3.350000000000000000e+01,7.640584606683118807e+01,8.032343308269120996e+01,2.036176714787728357e-03,3.114910123629490140e-03,1.869981443243194097e-01,2.935733628296064435e-01,-4.775128663049377220e-02,1.807985636167263044e-01,4.000000000000000000e+00
3.375000000000000000e+01,7.688913609191651233e+01,5.550993189208644196e+01,2.152682438675745415e-03,1.789659708373232444e-04,1.976977825295878344e-01,1.686714537675299691e-02,1.975147824243775330e-01,8.504348356400237563e-03,4.000000000000000000e+00
3.400000000000000000e+01,8.431170159754402960e+01,8.108095542142775969e+01,5.059507490269981277e-03,3.398768911820705240e-03,4.646544207112759950e-01,3.203264233387591031e-01,4.359742236396554338e-01,-1.607177868449264635e-01,4.000000000000000000e+00
3.425000000000000000e+01,8.838073326239214111e+01,8.675633336014293207e+01,8.082762659055076418e-03,6.532667200314415910e-03,7.423037535397661868e-01,6.156893785456432067e-01,6.667894183956545318e-01,-3.262004506968235185e-01,4.000000000000000000e+00
3.450000000000000000e+01,9.108956084037166079e+01,9.007239116877124729e+01,1.104081684141758335e-02,9.569592055409192888e-03,1.013965166272426277e+00,9.019128029737430996e-01,8.891860994454440226e-01,-4.873124654334897166e-01,4.000000000000000000e+00
3.475000000000000000e+01,9.308950269239795716e+01,9.239220741017965111e+01,1.389947183784304499e-02,1.249925811710020374e-02,1.276497968908239411e+00,1.178027324280137789e+00,1.102454367702408122e+00,-6.434605129770936127e-01,4.000000000000000000e+00
3.500000000000000000e+01,9.465398379073897672e+01,9.415526305114129002e+01,1.664264513005756299e-02,1.531217974945331926e-02,1.528425177130746659e+00,1.443138942339868613e+00,1.305949362864061492e+00,-7.940905387436036911e-01,4.000000000000000000e+00
3.525000000000000000e+01,9.592234026123308865e+01,9.555981983688386094e+01,1.925928572939155509e-02,1.799968305382929762e-02,1.768731891614583551e+00,1.696430161465644515e+00,1.499091600229527588e+00,-9.386889146760903913e-01,4.000000000000000000e+00
3.550000000000000000e+01,9.697497136099602244e+01,9.671241326035058705e+01,2.174061029873018691e-02,2.055391371809706796e-02,1.996611469336322386e+00,1.937160730178766777e+00,1.681366987153282144e+00,-1.076783364468657744e+00,4.000000000000000000e+00
3.575000000000000000e+01,9.786240316430740904e+01,9.767692607880880473e+01,2.407927027977520978e-02,2.296784084262024420e-02,2.211389034311353807e+00,2.164668001799860964e+00,1.852326533524316421e+00,-1.207943655256440874e+00,4.000000000000000000e+00
3.600000000000000000e+01,9.861842009910310480e+01,9.849467728336455252e+01,2.626903797064064280e-02,2.523525689726085347e-02,2.412492647627094033e+00,2.378366930396575984e+00,2.011585771481633866e+00,-1.331782061310117449e+00,4.000000000000000000e+00
3.625000000000000000e+01,9.926669734411765944e+01,9.919391508964162085e+01,2.830466574050833836e-02,2.735077397570771784e-02,2.599440378016003805e+00,2.577749717762348070e+00,2.158823900271212182e+00,-1.447953606465958609e+00,4.000000000000000000e+00
3.650000000000000000e+01,9.982444279378165675e+01,9.979478467467808400e+01,3.018181154187416990e-02,2.930981652409788904e-02,2.771833461058499815e+00,2.762385128105119936e+00,2.293782672726361049e+00,-1.556156093116578765e+00,4.000000000000000000e+00
3.675000000000000000e+01,1.003045313189201408e+02,1.003121350087299390e+02,3.189699198440511252e-02,3.110861073016408726e-02,2.929351989585670335e+00,2.931917487998043637e+00,2.416265040315819679e+00,-1.656129926617206705e+00,4.000000000000000000e+00
3.700000000000000000e+01,1.007168222395625605e+02,1.007572026097732163e+02,3.344754720153932798e-02,3.274417076703260016e-02,3.071751687102453943e+00,3.086065389887978405e+00,2.526133574063632814e+00,-1.747657744870336094e+00,4.000000000000000000e+00
3.725000000000000000e+01,1.010690078460712016e+02,1.011386713135859026e+02,3.483161052680821407e-02,3.421428209232688783e-02,3.198861122925468869e+00,3.224620118073089348e+00,2.623308678899614499e+00,-1.830563863669867120e+00,4.000000000000000000e+00
3.750000000000000000e+01,1.013671794267580708e+02,1.014633660611395669e+02,3.604807970601648509e-02,3.551748200844000170e-02,3.310579068370783418e+00,3.347443816551682882e+00,2.707766619165457023e+00,-1.904713549085014890e+00,4.000000000000000000e+00
3.775000000000000000e+01,1.016162160840786157e+02,1.017367221481936070e+02,3.709658806692080896e-02,3.665303769375031356e-02,3.406871849038438871e+00,3.454467418513072818e+00,2.779537373078116325e+00,-1.970012128752661740e+00,4.000000000000000000e+00
3.800000000000000000e+01,1.018200584402352433e+02,1.019631113567933056e+02,3.797747489550422351e-02,3.762092191721961437e-02,3.487770624232421124e+00,3.545688357492371434e+00,2.838702333950338552e+00,-2.026403954418642517e+00,4.000000000000000000e+00
3.825000000000000000e+01,1.019819052473888519e+02,1.021460738005367688e+02,3.869175469420033792e-02,3.842178665026911577e-02,3.553368563701268634e+00,3.621168080348395435e+00,2.885391875893223546e+00,-2.073871228410722800e+00,4.000000000000000000e+00
3.850000000000000000e+01,1.021043569227797150e+02,1.022884858107126149e+02,3.924108522701529739e-02,3.905693479013152419e-02,3.603817912969951909e+00,3.681029382252384519e+00,2.919782801574074327e+00,-2.112432706969703755e+00,4.000000000000000000e+00
3.875000000000000000e+01,1.021895216008286980e+02,1.023926832661236972e+02,3.962773438440415907e-02,3.952829020807908933e-02,3.639326950280505901e+00,3.725453583799998913e+00,2.942095689402091985e+00,-2.142142293462233393e+00,4.000000000000000000e+00
3.900000000000000000e+01,1.022390940532435479e+02,1.024605530953584918e+02,3.985454597366386298e-02,3.983836633408726485e-02,3.660156844854384417e+00,3.754677570185624980e+00,2.952592157236047399e+00,-2.163087534512319721e+00,4.000000000000000000e+00
3.925000000000000000e+01,1.022544144713227467e+02,1.024936014745438939e+02,3.992490458232100109e-02,3.999023348667188338e-02,3.666618430020629482e+00,3.768990712112068042e+00,2.951572059389231839e+00,-2.175388031961138058e+00,4.000000000000000000e+00
3.950000000000000000e+01,1.022365118924095242e+02,1.024930045151839408e+02,3.984269968540896795e-02,3.998748515289721195e-02,3.659068906904447083e+00,3.768731687756184279e+00,2.939370633323513005e+00,-2.179193783358936098e+00,4.000000000000000000e+00
3.975000000000000000e+01,1.021861355507049751e+02,1.024596454147977198e+02,3.961228917963095786e-02,3.983420341896053846e-02,3.637908495482196081e+00,3.754285224678235888e+00,2.916355612000709918e+00,-2.174683463369669667e+00,4.000000000000000000e+00
4.000000000000000000e+01,1.021037763782187824e+02,1.023941407879936776e+02,3.923846253224949621e-02,3.953492374637975620e-02,3.603577050253679914e+00,3.726078780055779305e+00,2.882924317380286983e+00,-2.162062658058832021e+00,4.000000000000000000e+00
4.025000000000000000e+01,1.019896801092767475e+02,1.022968579982855175e+02,3.872640373271437481e-02,3.909459928271520612e-02,3.556550657798352777e+00,3.684579177048446841e+00,2.839500750028984388e+00,-2.141562063557983731e+00,4.000000000000000000e+00
4.050000000000000000e+01,1.018438528431905041e+02,1.021679246376484542e+02,3.808165423179006581e-02,3.851856488901107822e-02,3.497338233183505007e+00,3.630289214464168523e+00,2.786532689241845162e+00,-2.113435660026992569e+00,4.000000000000000000e+00
4.075000000000000000e+01,1.016660594186512867e+02,1.020072307615072447e+02,3.731007604750667672e-02,3.781250105881518719e-02,3.426478131693166951e+00,3.563744266206902100e+00,2.724488817463506685e+00,-2.077958871221420534e+00,4.000000000000000000e+00
4.100000000000000000e+01,1.014558144917126015e+02,1.018144240160909106e+02,3.641781521006338257e-02,3.698239789579692294e-02,3.344534791685689790e+00,3.485508886247107529e+00,2.653855882140085054e+00,-2.035426719296597575e+00,4.000000000000000000e+00
4.125000000000000000e+01,1.012123657353716624e+02,1.015888973394852997e+02,3.541126570960874409e-02,3.603451930869976810e-02,3.252095423634469018e+00,3.396173434075522302e+00,2.575135907440024852e+00,-1.986151983770954477e+00,4.000000000000000000e+00
4.150000000000000000e+01,1.009346680390399484e+02,1.013297684264891814e+02,3.429703410186479839e-02,3.497536757370028893e-02,3.149766759583646714e+00,3.296350734784184944e+00,2.488843467541718812e+00,-1.930463372833833180e+00,4.000000000000000000e+00
4.175000000000000000e+01,1.006213469153779556e+02,1.010358495635695704e+02,3.308190491739312206e-02,3.381164840527109416e-02,3.038171876408580108e+00,3.186672787072821755e+00,2.395503032410949640e+00,-1.868703714426120044e+00,4.000000000000000000e+00
4.200000000000000000e+01,1.002706484308000370e+02,1.007056056903451520e+02,3.177280701140722946e-02,3.255023666741676397e-02,2.917947105454092860e+00,3.067787531608968887e+00,2.295646396175665238e+00,-1.801228173761891371e+00,4.000000000000000000e+00
4.225000000000000000e+01,9.988037173237054844e+01,1.003370975234787181e+02,3.037678098318212505e-02,3.119814284773856847e-02,2.789739040402254400e+00,2.940355691283013329e+00,2.189810197354186361e+00,-1.728402503211595498e+00,4.000000000000000000e+00
4.250000000000000000e+01,9.944777844178256032e+01,9.992790512866014296e+01,2.890094778823192045e-02,2.976248040723645377e-02,2.654201654681442424e+00,2.805047693999525915e+00,2.078533539310601697e+00,-1.650601329720368549e+00,4.000000000000000000e+00
4.275000000000000000e+01,9.896947049265357066e+01,9.947502519385952269e+01,2.735247866440519357e-02,2.825043410914200581e-02,2.511993539542826337e+00,2.662540687740091450e+00,1.962355718396186388e+00,-1.568206484230532105e+00,4.000000000000000000e+00
4.300000000000000000e+01,9.844122384036509743e+01,9.897473202605939946e+01,2.573856649766549307e-02,2.666922942043624400e-02,2.363775274354468880e+00,2.513515656724298442e+00,1.841814066293770757e+00,-1.481605376897624060e+00,4.000000000000000000e+00
4.325000000000000000e+01,9.785775890373442110e+01,9.842238725589109549e+01,2.406639876997493724e-02,2.502610307010622731e-02,2.210206942192421753e+00,2.358654646590800930e+00,1.717441912124739734e+00,-1.391189421248197000e+00,4.000000000000000000e+00
4.350000000000000000e+01,9.721241786437019528e+01,9.781217514325868478e+01,2.234313227034861668e-02,2.332827483866716650e-02,2.051945807357677509e+00,2.198638105622411576e+00,1.589766668893966006e+00,-1.297352509847086388e+00,4.000000000000000000e+00
4.375000000000000000e+01,9.649670080915021231e+01,9.713672695682569724e+01,2.057586983061930261e-02,2.158292064408282029e-02,1.889644178838218336e+00,2.034142348153862301e+00,1.459308047863527857e+00,-1.200489543502109679e+00,4.000000000000000000e+00
4.400000000000000000e+01,9.569958084308437662e+01,9.638657482689421840e+01,1.877163951106211592e-02,1.979714697998612855e-02,1.723947498760997954e+00,1.865837145430853550e+00,1.326576403451986685e+00,-1.100995015560330748e+00,4.000000000000000000e+00
4.425000000000000000e+01,9.480645982048068277e+01,9.554933413725797209e+01,1.693737699894952431e-02,1.797796675308032527e-02,1.555492725912621887e+00,1.694383448338760978e+00,1.192071210267583004e+00,-9.992616524305626413e-01,4.000000000000000000e+00
4.450000000000000000e+01,9.379751328666456800e+01,9.460843584973729037e+01,1.507991271056914259e-02,1.613227655782118256e-02,1.384907151216059118e+00,1.520431245591896019e+00,1.056279672905698686e+00,-8.956791111193843635e-01,4.000000000000000000e+00
4.475000000000000000e+01,9.264494072514416700e+01,9.354107570347211720e+01,1.320596675300368845e-02,1.426683541797459445e-02,1.212807935031214646e+00,1.344617560172509663e+00,9.196754681840100254e-01,-7.906327342674352998e-01,4.000000000000000000e+00
4.500000000000000000e+01,9.130812175947214371e+01,9.231471840449117394e+01,1.132215904654802242e-02,1.238824501644364071e-02,1.039803036776209444e+00,1.167564586035891416e+00,7.827176185595943192e-01,-6.845023629509430219e-01,4.000000000000000000e+00
4.525000000000000000e+01,8.972442398276028541e+01,9.088073327849534166e+01,9.435053398841026714e-03,1.050293142688462841e-02,8.664952626020315796e-01,9.898779663557434327e-01,6.458494945813000321e-01,-5.776612073359634891e-01,4.000000000000000000e+00
4.550000000000000000e+01,8.778996097507602769e+01,8.916177391555173415e+01,7.551291092248539442e-03,8.617128353113026606e-03,6.934945337740241467e-01,8.121452138754059469e-01,5.094979433833473070e-01,-4.704747751607842865e-01,4.000000000000000000e+00
4.575000000000000000e+01,8.531346455475060964e+01,8.702367554176227316e+01,5.678013111490769725e-03,6.736861875146228293e-03,5.214566631603089197e-01,6.349342732562565095e-01,3.740725394392074299e-01,-3.632998579572890296e-01,4.000000000000000000e+00
4.600000000000000000e+01,8.188109027024987085e+01,8.420142111291156084e+01,3.824526520663049534e-03,4.867936693971147699e-03,3.512363917577230321e-01,4.587922246775983370e-01,2.399649530650063145e-01,-2.564835749039185986e-01,4.000000000000000000e+00
4.625000000000000000e+01,7.630625382938931978e+01,8.004293014333178746e+01,2.012963289819291388e-03,3.015923860757891827e-03,1.848662726842087989e-01,2.842441273422948167e-01,1.075484315107407829e-01,-1.503624742272211268e-01,4.000000000000000000e+00
4.650000000000000000e+01,6.506757357704351818e+01,7.193731472454571474e+01,5.519526746223218493e-04,1.186149970289358032e-03,5.069016120242742646e-02,1.117920009815039639e-01,-2.282261310294456114e-02,-4.526169212348762905e-02,4.000000000000000000e+00
4.675000000000000000e+01,7.514671708620097945e+01,6.625053807415729068e+01,1.761404159669315798e-03,6.163122071587613269e-04,1.617636165226636891e-01,5.808605706983026307e-02,-1.508129152280144880e-01,5.850583074291917929e-02,4.000000000000000000e+00
4.700000000000000000e+01,8.105680775942425953e+01,7.801030351155822018e+01,3.478272084651159914e-03,2.386651686367351026e-03,3.194371198536450907e-01,2.249366221370808494e-01,-2.761065733417319423e-01,1.606400750058303573e-01,4.000000000000000000e+00
4.725000000000000000e+01,8.452502141875223174e+01,8.275315394923444501e+01,5.185304134884926100e-03,4.120325855718484122e-03,4.762073173407185833e-01,3.883315631616380825e-01,-3.984071803385711430e-01,2.608546103551038775e-01,4.000000000000000000e+00
4.750000000000000000e+01,8.695191321925946681e+01,8.574262735721291051e+01,6.856758037516396363e-03,5.813065733567275573e-03,6.297100933256167821e-01,5.478685381022855294e-01,-5.174378739932267157e-01,3.588772048953886018e-01,4.000000000000000000e+00
4.775000000000000000e+01,8.880198753273526791e+01,8.791032370197214618e+01,8.484427441504661938e-03,7.460879936114333741e-03,7.791917939603316690e-01,7.031713678983683158e-01,-6.329413147322195954e-01,4.544503755969062642e-01,4.000000000000000000e+00
4.800000000000000711e+01,9.028428848272622531e+01,8.959714166524356926e+01,1.006323437094309992e-02,9.060057403876725299e-03,9.241860687240242012e-01,8.538902934336281003e-01,-7.446795979512290664e-01,5.473318792275511102e-01,4.000000000000000000e+00
4.825000000000000000e+01,9.151059039161077635e+01,9.096651239378168441e+01,1.158917932306179413e-02,1.060716893686971043e-02,1.064325611777882319e+00,9.997021202236722193e-01,-8.524341080172644913e-01,6.372951430657338712e-01,4.000000000000000000e+00
4.850000000000000000e+01,9.254762483158611985e+01,9.210956073660449306e+01,1.305883410830038782e-02,1.209906759122434186e-02,1.199295585474700498e+00,1.140310255796302519e+00,-9.560053209017391751e-01,7.241296346281285157e-01,4.000000000000000000e+00
4.875000000000000000e+01,9.343841148849685396e+01,9.308233242439470700e+01,1.446917394762258120e-02,1.353288799218393956e-02,1.328818200532894345e+00,1.275444644942957728e+00,-1.055212562101126128e+00,8.076411696115151084e-01,4.000000000000000000e+00
4.900000000000000000e+01,9.421229913508126685e+01,9.392177101691817143e+01,1.581751008631388303e-02,1.490604462026210754e-02,1.452646527430826229e+00,1.404861608192912836e+00,-1.149893726131544724e+00,8.876521572441257169e-01,4.000000000000000000e+00
4.925000000000000000e+01,9.489019965299654302e+01,9.465352012106079371e+01,1.710145830832456720e-02,1.621622912881609535e-02,1.570561604830941205e+00,1.528343589000523695e+00,-1.239904963429438345e+00,9.640017822764564981e-01,4.000000000000000000e+00
4.950000000000000000e+01,9.548753498548694552e+01,9.529610725978662344e+01,1.831892196238364690e-02,1.746140675240463042e-02,1.682370880734131768e+00,1.645698815240927981e+00,-1.325120339972880368e+00,1.036546122916050194e+00,4.000000000000000000e+00
4.975000000000000000e+01,9.601599977218413073e+01,9.586335317140230927e+01,1.946808133156254644e-02,1.863981186607890222e-02,1.787907236203044148e+00,1.756760880683080117e+00,-1.405431474357581090e+00,1.105158204128388055e+00,4.000000000000000000e+00
5.000000000000000000e+01,9.648466827242444310e+01,9.636583950221472605e+01,2.054738587410838424e-02,1.974994275620816850e-02,1.887028272776689608e+00,1.861388252151676026e+00,-1.480747156436746703e+00,1.169727985885207655e+00,4.000000000000000000e+00
5.025000000000000711e+01,9.690071799099514749e+01,9.681184461352577841e+01,2.155554773190733811e-02,2.079055566359275242e-02,1.979615716301509787e+00,1.959463708103779789e+00,-1.550992950973683504e+00,1.230162286146785133e+00,4.000000000000000000e+00
5.050000000000000000e+01,9.726991893277237011e+01,9.720796321092394976e+01,2.249153571564136908e-02,2.176065815947264906e-02,2.065574864540945299e+00,2.050893714332342022e+00,-1.616110789077114473e+00,1.286384638610043263e+00,4.000000000000000000e+00
5.075000000000000000e+01,9.759697400496067132e+01,9.755952986383445591e+01,2.335456935536703305e-02,2.265950191463291657e-02,2.144834040793231811e+00,2.135607742470438719e+00,-1.676058549500212491e+00,1.338335085541983105e+00,4.000000000000000000e+00
5.100000000000000000e+01,9.788576176008382390e+01,9.787091643127219243e+01,2.414411279333697827e-02,2.348657492113719394e-02,2.217344033021099392e+00,2.213557536906926693e+00,-1.730809631209180299e+00,1.385969906342781055e+00,4.000000000000000000e+00
5.125000000000000000e+01,9.813951323751649625e+01,9.814574586796757671e+01,2.485986839367915896e-02,2.424159322532321720e-02,2.283077506978285154e+00,2.284716335639625839e+00,-1.780352517968247561e+00,1.429261282843099279e+00,4.000000000000000000e+00
5.150000000000000000e+01,9.836094322327882367e+01,9.838704906786880144e+01,2.550176999662348218e-02,2.492449222957748498e-02,2.342028386692037500e+00,2.349078050486895552e+00,-1.824690335068861691e+00,1.468196902727148645e+00,4.000000000000000000e+00
5.175000000000000000e+01,9.855234928593397115e+01,9.859738197676590232e+01,2.606997577501923152e-02,2.553541761908896535e-02,2.394211198420850284e+00,2.406656411954318120e+00,-1.863840397762256851e+00,1.502779502892302332e+00,4.000000000000000000e+00
5.200000000000000000e+01,9.871568758170582214e+01,9.877891440550426694e+01,2.656486066858150183e-02,2.607471596828980082e-02,2.439660375831726569e+00,2.457484083912591544e+00,-1.897833750448221002e+00,1.533026354979926342e+00,4.000000000000000000e+00
5.225000000000000000e+01,9.885263161273562105e+01,9.893349830296928360e+01,2.698700838249953882e-02,2.654292508003155970e-02,2.478429525169364656e+00,2.501611753086342649e+00,-1.926714695239185371e+00,1.558968695766729473e+00,4.000000000000000000e+00
5.250000000000000711e+01,9.896461827132827693e+01,9.906272086356128170e+01,2.733720294461523814e-02,2.694076410874620894e-02,2.510590649885364734e+00,2.539107198183979897e+00,-1.950540308175065407e+00,1.580651105549905289e+00,4.000000000000000000e+00
5.275000000000000000e+01,9.905288425718453027e+01,9.916794626015509095e+01,2.761641982112288812e-02,2.726912351691230044e-02,2.536233334722965527e+00,2.570054343316930723e+00,-1.969379941106214282e+00,1.598130838113218877e+00,4.000000000000000000e+00
5.300000000000000000e+01,9.911849509973818328e+01,9.925034871988046348e+01,2.782581659563629697e-02,2.752905491211061345e-02,2.555463889702368263e+00,2.594552300164701730e+00,-1.983314707115161113e+00,1.611477106295171824e+00,4.000000000000000000e+00
5.325000000000000000e+01,9.916236842057577405e+01,9.931093891843804045e+01,2.796672322105797637e-02,2.772176080982178756e-02,2.568404454873109533e+00,2.612714403141287001e+00,-1.992436947294353500e+00,1.620770327612272466e+00,4.000000000000000000e+00
5.350000000000000000e+01,9.918529264678157631e+01,9.935058514745024638e+01,2.804063185824125573e-02,2.784858436491116987e-02,2.575192067118372563e+00,2.624667241610415314e+00,-1.996849676760076298e+00,1.626101334779777696e+00,4.000000000000000000e+00
5.375000000000000000e+01,9.918794207999957280e+01,9.937003033702119126e+01,2.804918632027756514e-02,2.791099911247611753e-02,2.575977690740755222e+00,2.630549692983186194e+00,-1.996666007948985744e+00,1.627570556349288600e+00,4.000000000000000000e+00
5.400000000000000000e+01,9.917088900163035703e+01,9.936990574551148825e+01,2.799417114625479472e-02,2.791059875641348914e-02,2.570925214019445626e+00,2.630511960313230979e+00,-1.992008549518097471e+00,1.625287173002893493e+00,4.000000000000000000e+00
5.425000000000000000e+01,9.913461332747188237e+01,9.935074192941709725e+01,2.787750033371933292e-02,2.784908704171433144e-02,2.560210414423470304e+00,2.624714617782973658e+00,-1.983008779541860278e+00,1.619368255333633932e+00,4.000000000000000000e+00
5.450000000000000000e+01,9.907951019845036456e+01,9.931297745709881042e+01,2.770120576463685688e-02,2.772826774412205653e-02,2.544019895676517873e+00,2.613327667251140518e+00,-1.969806392168838904e+00,1.609937889164903435e+00,4.000000000000000000e+00
5.475000000000000711e+01,9.900589579623273551e+01,9.925696571640762045e+01,2.746742536550629207e-02,2.755003480841136665e-02,2.522550000406955206e+00,2.596529608807446987e+00,-1.952548617451716151e+00,1.597126294643138822e+00,4.000000000000000000e+00
5.500000000000000000e+01,9.891401159507113050e+01,9.918298007778045644e+01,2.717839104814656973e-02,2.731636266417094422e-02,2.496005702655299086e+00,2.574506528056618393e+00,-1.931389514691652654e+00,1.581068945437521078e+00,4.000000000000000000e+00
5.525000000000000000e+01,9.880402719818906121e+01,9.909121760381998456e+01,2.683641648361600671e-02,2.702929674561348194e-02,2.464599485056941486e+00,2.547451202631534795e+00,-1.906489240316522338e+00,1.561905694432372149e+00,4.000000000000000000e+00
5.550000000000000000e+01,9.867604185377744841e+01,9.898180143832895794e+01,2.644388476753065445e-02,2.669094423960119075e-02,2.428550206051188098e+00,2.515562230215177220e+00,-1.878013292050060068e+00,1.539779912258425698e+00,4.000000000000000000e+00
5.575000000000000000e+01,9.853008469862197671e+01,9.885478195814214075e+01,2.600323604054314772e-02,2.630346508377675793e-02,2.388081962972331329e+00,2.479043180134461011e+00,-1.846131731869901982e+00,1.514837644916715131e+00,4.000000000000000000e+00
5.600000000000000000e+01,9.836611373357817456e+01,9.871013672660822635e+01,2.551695513291600895e-02,2.586906323443117009e-02,2.343422957353508806e+00,2.438101770376163380e+00,-1.811018391027435559e+00,1.487226796561930797e+00,4.000000000000000000e+00
5.625000000000000000e+01,9.818401349180149396e+01,9.854776924544015060e+01,2.498755930667530267e-02,2.538997822153533923e-02,2.294804369192131155e+00,2.392949071667408223e+00,-1.772850061145604172e+00,1.457096343266059524e+00,4.000000000000000000e+00
5.650000000000000000e+01,9.798359131520230392e+01,9.836750645930791848e+01,2.441758617270363071e-02,2.486847700621439700e-02,2.242459247281368473e+00,2.343798740060695440e+00,-1.731805676136229932e+00,1.424595583251631492e+00,4.000000000000000000e+00
5.675000000000000000e+01,9.776457210414699261e+01,9.816909492241225621e+01,2.380958186313675631e-02,2.430684615385978950e-02,2.186621422988182406e+00,2.290866279267097294e+00,-1.688065490349371256e+00,1.389873428684209600e+00,4.000000000000000000e+00
5.700000000000000711e+01,9.752659134662434326e+01,9.795219548550542754e+01,2.316608954146184840e-02,2.370738433406149176e-02,2.127524455045151530e+00,2.234368333791520111e+00,-1.641810258970034742e+00,1.353077743648130493e+00,4.000000000000000000e+00
5.725000000000000000e+01,9.726918616171127496e+01,9.771637630202720004e+01,2.248963833356589642e-02,2.307239515660403431e-02,2.065400613001473928e+00,2.174522013741238879e+00,-1.593220427194326216e+00,1.314354732390610847e+00,4.000000000000000000e+00
5.750000000000000000e+01,9.699178400273075340e+01,9.746110387892024107e+01,2.178273276263511388e-02,2.240418035090909268e-02,2.000479906946567077e+00,2.111544252003504152e+00,-1.542475335128171254e+00,1.273848381330439761e+00,4.000000000000000000e+00
5.774999999999999289e+01,9.669368855049700073e+01,9.718573180562032121e+01,2.104784276910584909e-02,2.170503329453283073e-02,1.932989170963560932e+00,2.045651194320786459e+00,-1.489752445645859957e+00,1.231699957682297342e+00,4.000000000000000000e+00
5.800000000000000711e+01,9.637406217605096970e+01,9.688948667595568054e+01,2.028739439373673792e-02,2.097723289463128762e-02,1.863151207482433680e+00,1.977057622632474310e+00,-1.435226602607029278e+00,1.188047566855946702e+00,4.000000000000000000e+00
5.825000000000000000e+01,9.603190415046347539e+01,9.657145056142917383e+01,1.950376119732602151e-02,2.022303782470531719e-02,1.791183999285076656e+00,1.905976411900882184e+00,-1.379069326846341426e+00,1.143025770071025127e+00,4.000000000000000000e+00
5.850000000000000000e+01,9.566602350504668095e+01,9.623053918515607563e+01,1.869925648457530787e-02,1.944468111742020042e-02,1.717299995361460052e+00,1.832618020496504352e+00,-1.321448157220740827e+00,1.096765262873683033e+00,4.000000000000000000e+00
5.875000000000000000e+01,9.527500506686337189e+01,9.586547466113520954e+01,1.787612639222942515e-02,1.864436511287131254e-02,1.641705476139078801e+00,1.757190014083270579e+00,-1.262526043712828727e+00,1.049392614483193320e+00,4.000000000000000000e+00
5.900000000000000711e+01,9.485716666382703011e+01,9.547475127030345732e+01,1.703654389282962742e-02,1.782425676033288012e-02,1.564600002800384138e+00,1.679896622818799479e+00,-1.202460799141324754e+00,1.001030067126541745e+00,4.000000000000000000e+00
5.925000000000000711e+01,9.441050473776356000e+01,9.505659219288027373e+01,1.618260375561913697e-02,1.698648327028595348e-02,1.486175954503051733e+00,1.600938331567688389e+00,-1.141404615440578585e+00,9.517953937659087149e-01,4.000000000000000000e+00
5.950000000000000000e+01,9.393262450789096363e+01,9.460889432895923790e+01,1.531631849522490686e-02,1.613312811236782343e-02,1.406618156315521340e+00,1.520511502717131647e+00,-1.079503649719821823e+00,9.018018118844409736e-01,4.000000000000000000e+00
5.975000000000000000e+01,9.342064920862659960e+01,9.412915719571630291e+01,1.443961532736225649e-02,1.526622735382627931e-02,1.326103599635376495e+00,1.438808031084365613e+00,-1.016897684436584015e+00,8.511579502967806521e-01,4.000000000000000000e+00
5.999999999999999289e+01,9.287110048555069852e+01,9.361439019719269083e+01,1.355433413915851405e-02,1.438776633208830279e-02,1.244801255788179128e+00,1.356015030313655334e+00,-9.537198650103091424e-01,7.999678652899413489e-01,4.000000000000000000e+00
6.025000000000000711e+01,9.227973827058647771e+01,9.306099000530426224e+01,1.266222647063605829e-02,1.349967665416685128e-02,1.162871982489036560e+00,1.272314550077046746e+00,-8.900965170865635656e-01,7.483311018047766883e-01,4.000000000000000000e+00
6.050000000000000000e+01,9.164134250623483524e+01,9.246457583645837985e+01,1.176495549440205977e-02,1.260383351483290899e-02,1.080468521977348884e+00,1.187883323318036810e+00,-8.261470444609664288e-01,6.963427948304821147e-01,4.000000000000000000e+00
6.075000000000000000e+01,9.094940940441746591e+01,9.181976413442923501e+01,1.086409697461407017e-02,1.170205332476085582e-02,9.977355890861735466e-01,1.102892542709541734e+00,-7.619839074023613268e-01,6.440938057371484726e-01,4.000000000000000000e+00
6.100000000000000000e+01,9.019571864849750398e+01,9.111985392379776272e+01,9.961141187046768444e-03,1.079609163922391410e-02,9.148100475770749584e-01,1.017507665438041053e+00,-6.977126798042245781e-01,5.916708879000027732e-01,4.000000000000000000e+00
6.125000000000000711e+01,8.936969955668791954e+01,9.035637680360213153e+01,9.057495796344888078e-03,9.887641377358905373e-03,8.318211743809229564e-01,9.318882453732361126e-01,-6.334321822685458070e-01,5.391568757003526446e-01,4.000000000000000000e+00
6.150000000000000711e+01,8.845747253401785315e+01,8.951843523533764824e+01,8.154489728379508626e-03,8.978331321540022891e-03,7.488910152268682952e-01,8.461877916373583552e-01,-5.692346869165814116e-01,4.866308908181961046e-01,4.000000000000000000e+00
6.175000000000000000e+01,8.744034316071670787e+01,8.859169725748009228e+01,7.253378177480169879e-03,8.069724885995402386e-03,6.661348444959047654e-01,7.605536525500166123e-01,-5.052061884512543122e-01,4.341685596656430501e-01,4.000000000000000000e+00
6.200000000000000000e+01,8.629232500425082719e+01,8.755680868786775761e+01,6.355349131288096434e-03,7.163319143462808063e-03,5.836617644495282198e-01,6.751269238926567162e-01,-4.414267347991261969e-01,3.818422358578454912e-01,4.000000000000000000e+00
6.224999999999999289e+01,8.497582702533966881e+01,8.638676425843998175e+01,5.461532402181316741e-03,6.260544098410768081e-03,5.015755346566366235e-01,5.900423804112661097e-01,-3.779708095635752052e-01,3.297212217676417367e-01,4.000000000000000000e+00
6.250000000000000711e+01,8.343358698690529707e+01,8.504229346145174873e+01,4.573013807406001337e-03,5.362762195145400791e-03,4.199758742666702682e-01,5.054284294565359881e-01,-3.149077575501156856e-01,2.778719834758653362e-01,4.000000000000000000e+00
6.275000000000000000e+01,8.157209352915798206e+01,8.346313680352511710e+01,3.690862275229609985e-03,4.471268048975541101e-03,3.389609513811399633e-01,4.214070856467698745e-01,-2.523022438072454743e-01,2.263583537911441623e-01,4.000000000000000000e+00
6.300000000000000000e+01,7.922279686223048145e+01,8.154984851412685032e+01,2.816196837303046752e-03,3.587288388520767750e-03,2.586335354898641747e-01,3.380939654305443742e-01,-1.902147359822294603e-01,1.752417184782138759e-01,4.000000000000000000e+00
6.325000000000000000e+01,7.603207662796428679e+01,7.912025936397211012e+01,1.950414849137738780e-03,2.711982197208631304e-03,1.791219567548080205e-01,2.555983004225082511e-01,-1.287019993443322963e-01,1.245811813896577636e-01,4.000000000000000000e+00
6.350000000000000711e+01,7.102930939155210410e+01,7.578123157681882560e+01,1.096449497586556585e-03,1.846441042021637353e-03,1.006955928259857524e-01,1.740229683870557764e-01,-6.781759358698524753e-02,7.443370482951394695e-02,4.000000000000000000e+00
6.375000000000000711e+01,5.926651329527652479e+01,7.038203765718890281e+01,2.830406598781139301e-04,9.916895776147967301e-04,2.599385298002285932e-02,9.346454075028631792e-02,-7.612360504755499857e-03,2.485422218241162273e-02,4.000000000000000000e+00
6.400000000000000000e+01,6.611591317719803840e+01,5.389993674273626567e+01,6.227572929839496427e-04,1.486862140247045946e-04,5.719270695253750314e-02,1.401334553010274986e-02,5.186510814926767465e-02,-2.410427939648060458e-02,4.000000000000000000e+00
6.425000000000000000e+01,7.339096119806737306e+01,6.712608356780305030e+01,1.439034556997676774e-03,6.816760636621345751e-04,1.321578769773860129e-01,6.424645541186910225e-02,1.105680328821241343e-01,-7.239070763397337238e-02,4.000000000000000000e+00
6.450000000000000000e+01,7.728000120402955986e+01,7.396805603049321576e+01,2.251765824715841816e-03,1.498568735139689176e-03,2.067973902347077508e-01,1.412367758764258852e-01,1.684510483417755444e-01,-1.199558457118401755e-01,4.000000000000000000e+00
6.475000000000000000e+01,7.992570117980244504e+01,7.769371059597756357e+01,3.053572405311358751e-03,2.301226655455276392e-03,2.804336034324509397e-01,2.168855026506991968e-01,2.254698535679612870e-01,-1.667523644994314824e-01,4.000000000000000000e+00
6.500000000000000000e+01,8.192232601334004016e+01,8.025073138429326036e+01,3.842726399488531966e-03,3.088946847326864455e-03,3.529078299696306598e-01,2.911263816867429299e-01,2.815809182335424765e-01,-2.127348653620952379e-01,4.000000000000000000e+00
6.525000000000000000e+01,8.351908403739228959e+01,8.218871484626856727e+01,4.618249216025497456e-03,3.861087185939620497e-03,4.241301981071135541e-01,3.638988941465279847e-01,3.367412512260722357e-01,-2.578599516580244444e-01,4.000000000000000000e+00
6.550000000000000000e+01,8.484416225147117530e+01,8.374184242690691349e+01,5.379368256520336046e-03,4.617064986662396467e-03,4.940297540487887940e-01,4.351481232973572477e-01,3.909082364940288379e-01,-3.020863262821327777e-01,4.000000000000000000e+00
6.575000000000000000e+01,8.597221895947743064e+01,8.503191055407468468e+01,6.125395163476566977e-03,5.356355505811443221e-03,5.625432805043598661e-01,5.048246132121742002e-01,4.440395395221681807e-01,-3.453749119168149084e-01,4.000000000000000000e+00
6.600000000000000000e+01,8.695055823177590071e+01,8.613043732999564384e+01,6.855688475610192262e-03,6.078490364259126963e-03,6.296118670320698385e-01,5.728842201981846349e-01,4.960930861418140769e-01,-3.876889900292493918e-01,4.000000000000000000e+00
6.625000000000000000e+01,8.781104179814960276e+01,8.708303060570806053e+01,7.569640480740118596e-03,6.783055903333569912e-03,6.951797026360838627e-01,6.392879578440486821e-01,5.470271136664115463e-01,-4.289943541248403269e-01,4.000000000000000000e+00
6.650000000000000000e+01,8.857615179594847632e+01,8.792057597199035968e+01,8.266672891085702704e-03,7.469691482099412999e-03,7.591936785950026412e-01,7.040018365423731384e-01,5.968002925951039206e-01,-4.692594723359461151e-01,4.000000000000000000e+00
6.675000000000000000e+01,8.926234413620137786e+01,8.866497001898653707e+01,8.946236402295772855e-03,8.138087724734678965e-03,8.216033479640239001e-01,7.669966983088722934e-01,6.453719154012856896e-01,-5.084556541105318406e-01,4.000000000000000000e+00
6.700000000000000000e+01,8.988202688588438605e+01,8.933230854712398639e+01,9.607812246609705176e-03,8.787984726342035549e-03,8.823610682139566563e-01,8.282480476840634598e-01,6.927021472519439005e-01,-5.465572155705390456e-01,4.000000000000000000e+00
6.725000000000000000e+01,9.044478929060664996e+01,8.993477559087283169e+01,1.025091489271409174e-02,9.419170225144286174e-03,9.414222491803232451e-01,8.877358794667502551e-01,7.387523319242776942e-01,-5.835416380415201498e-01,4.000000000000000000e+00
6.750000000000000000e+01,9.095819827719553530e+01,9.048182096149918152e+01,1.087509544386268227e-02,1.003147774862649805e-02,9.987456651394757134e-01,9.454445039920346128e-01,7.834853447487153399e-01,-6.193897143147280016e-01,4.000000000000000000e+00
6.775000000000000000e+01,9.142833322325584788e+01,9.098092547758723470e+01,1.147994545195282767e-02,1.062478474079107428e-02,1.054293805085275038e+00,1.001362370629265364e+00,8.268659831360409829e-01,-6.540856773952907766e-01,4.000000000000000000e+00
6.800000000000000000e+01,9.186015592697364696e+01,9.143811585253595808e+01,1.206510093923975936e-02,1.119901067730311693e-02,1.108033242074788260e+00,1.055481890138673773e+00,8.688613841837050655e-01,-6.876173068045497994e-01,4.000000000000000000e+00
6.825000000000000000e+01,9.225777323477551306e+01,9.185832151666376433e+01,1.263024645473412311e-02,1.175411517490749201e-02,1.159935005759220816e+00,1.107799256488130490e+00,9.094414580255374414e-01,-7.199760079405618241e-01,4.000000000000000000e+00
6.850000000000000000e+01,9.262462767173471434e+01,9.224562825475061345e+01,1.317511901130856596e-02,1.229009610111245383e-02,1.209974943959422955e+00,1.158314268695023408e+00,9.485793250198515381e-01,-7.511568605521030673e-01,4.000000000000000000e+00
6.875000000000000000e+01,9.296363852518584281e+01,9.260346251983588672e+01,1.369951176186573125e-02,1.280698768974696672e-02,1.258134060277349420e+00,1.207030153221719804e+00,9.862517445773523184e-01,-7.811586330241113707e-01,4.000000000000000000e+00
6.900000000000000000e+01,9.327730804656950170e+01,9.293472798974076454e+01,1.420327728337691595e-02,1.330485866762041135e-02,1.304398815695194003e+00,1.253953387417403142e+00,1.022439523428493979e+00,-8.099837599102461816e-01,4.000000000000000000e+00
6.925000000000000000e+01,9.356780259022998791e+01,9.324190848943787557e+01,1.468633034831225322e-02,1.378381039713748833e-02,1.348761383097650590e+00,1.299093524463652338e+00,1.057127891420004184e+00,-8.376382809526935480e-01,4.000000000000000000e+00
6.950000000000000000e+01,9.383701540894185200e+01,9.352714675756530482e+01,1.514865007513840900e-02,1.424397503935692470e-02,1.391219844769053138e+00,1.342463020246803085e+00,1.090306833522813657e+00,-8.641317406811784840e-01,4.000000000000000000e+00
6.975000000000000000e+01,9.408661579639804984e+01,9.379230555831669847e+01,1.559028136357139098e-02,1.468551374162228168e-02,1.431778324203946129e+00,1.384077062546175574e+00,1.121971367600486325e+00,-8.894770485768332957e-01,4.000000000000000000e+00
7.000000000000000000e+01,9.431808790914517715e+01,9.403901568580367609e+01,1.601133553635752590e-02,1.510861485354549581e-02,1.470447045046884726e+00,1.423953402894484910e+00,1.152121758633571691e+00,-9.136903006873835498e-01,4.000000000000000000e+00
7.025000000000000000e+01,9.453276167462726676e+01,9.426871409758797427e+01,1.641199012732926302e-02,1.551349217478522474e-02,1.507242311627931430e+00,1.462112191434840280e+00,1.180763661484695470e+00,-9.367905644693301781e-01,4.000000000000000000e+00
7.050000000000000000e+01,9.473183754990871819e+01,9.448267451825768148e+01,1.679248777521235789e-02,1.590038323773153295e-02,1.542186407372256207e+00,1.498575815067590300e+00,1.207908185892185848e+00,-9.587996295047233053e-01,4.000000000000000000e+00
7.075000000000000000e+01,9.491640644349550371e+01,9.468203223071321872e+01,1.715313420371306768e-02,1.626954762789443315e-02,1.575307409295636063e+00,1.533368739150672067e+00,1.233571879172104202e+00,-9.797417275473840892e-01,4.000000000000000000e+00
7.100000000000000000e+01,9.508746579000592192e+01,9.486780433231166398e+01,1.749429529044992451e-02,1.662126534448463838e-02,1.606638918821375661e+00,1.566517352987987000e+00,1.257776624037517221e+00,-9.996432261043458611e-01,4.000000000000000000e+00
7.125000000000000000e+01,9.524593253439080343e+01,9.504090641706680742e+01,1.781639324969603796e-02,1.695583520338328834e-02,1.636219711211466477e+00,1.598049819312844066e+00,1.280549450964904468e+00,-1.018532300415856406e+00,4.000000000000000000e+00
7.150000000000000000e+01,9.539265361240913421e+01,9.520216641543908054e+01,1.811990197630329591e-02,1.727357328441521053e-02,1.664093307962478896e+00,1.627995927946912280e+00,1.301922266617033364e+00,-1.036438589252770104e+00,4.000000000000000000e+00
7.175000000000000000e+01,9.552841438887378445e+01,9.535233615423307185e+01,1.840534161981047939e-02,1.757481142457028439e-02,1.690307478503174421e+00,1.656386953789679373e+00,1.321931501894494820e+00,-1.053392840388962082e+00,4.000000000000000000e+00
7.200000000000000000e+01,9.565394542234534470e+01,9.549210107331148834e+01,1.867327247823590344e-02,1.785989575856222061e-02,1.714913679413393455e+00,1.683255519269357459e+00,1.340617685207983856e+00,-1.069426551917788348e+00,4.000000000000000000e+00
7.225000000000000000e+01,9.576992785555192711e+01,9.562208844118580942e+01,1.892428831967971764e-02,1.812918530786890303e-02,1.737966441094195957e+00,1.708635461363068764e+00,1.358024948470415882e+00,-1.084571615755063778e+00,4.000000000000000000e+00
7.250000000000000000e+01,9.587699767858444488e+01,9.574287433963645810e+01,1.915900925615249967e-02,1.838305061916738550e-02,1.759522713315417208e+00,1.732561703272366804e+00,1.374200475060341597e+00,-1.098859969703501305e+00,4.000000000000000000e+00
7.275000000000000000e+01,9.597574907228786856e+01,9.585498963237878911e+01,1.937807430753606466e-02,1.862187245285863713e-02,1.779641182305624403e+00,1.755070130819605279e+00,1.389193900564503537e+00,-1.112323264340246309e+00,4.000000000000000000e+00
7.300000000000000000e+01,9.606673700883493439e+01,9.595892509014927896e+01,1.958213380375944598e-02,1.884604052217015574e-02,1.798381572984095289e+00,1.776197473611159428e+00,1.403056678409875246e+00,-1.124992550738979968e+00,4.000000000000000000e+00
7.325000000000000000e+01,9.615047926274257861e+01,9.605513581134188428e+01,1.977184177987946836e-02,1.905595228313151229e-02,1.815803950541175160e+00,1.795981190995308285e+00,1.415841423528059417e+00,-1.136897994642869225e+00,4.000000000000000000e+00
7.350000000000000000e+01,9.622745796663670603e+01,9.614404505120832312e+01,1.994784852145919593e-02,1.925201177553598209e-02,1.831968035821666341e+00,1.814459362825441069e+00,1.427601247906184145e+00,-1.148068622186409371e+00,4.000000000000000000e+00
7.375000000000000000e+01,9.629812083047896465e+01,9.622604755197522763e+01,2.011079341639571139e-02,1.943462851483268583e-02,1.846932548851875522e+00,1.831670585023352560e+00,1.438389102263127217e+00,-1.158532101626519539e+00,4.000000000000000000e+00
7.400000000000000000e+01,9.636288212958342569e+01,9.630151244977400893e+01,2.026129826401293701e-02,1.960421643473559544e-02,1.860754594360911840e+00,1.847653869922489145e+00,1.448257138121901599e+00,-1.168314564795886135e+00,4.000000000000000000e+00
7.425000000000000000e+01,9.642212355480522490e+01,9.637078582108854619e+01,2.039996118304093081e-02,1.976119288019005313e-02,1.873489102302444254e+00,1.862448551357279936e+00,1.457256104224126547e+00,-1.177440471169366676e+00,4.000000000000000000e+00
7.450000000000000000e+01,9.647619500710744944e+01,9.643419292078954186e+01,2.052735124712393167e-02,1.990597765020261922e-02,1.885188335191157805e+00,1.876094194451974895e+00,1.465434790560588008e+00,-1.185932516526743807e+00,4.000000000000000000e+00
7.475000000000000000e+01,9.652541540793262698e+01,9.649204015519904942e+01,2.064400396017421549e-02,2.003899208991637496e-02,1.895901472568860768e+00,1.888630510050757882e+00,1.472839532273446883e+00,-1.193811587253746032e+00,4.000000000000000000e+00
7.500000000000000000e+01,9.657007358612064252e+01,9.654461682659537303e+01,2.075041766456683923e-02,2.016065823120006054e-02,1.905674281140719684e+00,1.900097273720181335e+00,1.479513784350904526e+00,-1.201096760347335035e+00,4.000000000000000000e+00
7.525000000000000000e+01,9.661042929139519231e+01,9.659219667980693202e+01,2.084705095337855210e-02,2.027139798091738901e-02,1.914548877120779480e+00,1.910534249245351202e+00,1.485497776410096948e+00,-1.207805348210172269e+00,4.000000000000000000e+00
7.550000000000000000e+01,9.664671437366845907e+01,9.663503927679633421e+01,2.093432113421926991e-02,2.037163235594865313e-02,1.922563585153507004e+00,1.919981116532412768e+00,1.490828254984274404e+00,-1.213952986362671904e+00,4.000000000000000000e+00
7.575000000000000000e+01,9.667913415661158183e+01,9.667339122121119033e+01,2.101260376722111078e-02,2.046178076395325715e-02,1.929752895883686925e+00,1.928477403822015157e+00,1.495538318642219977e+00,-1.219553761276754189e+00,4.000000000000000000e+00
7.600000000000000000e+01,9.670786902327947132e+01,9.670748725161573134e+01,2.108223327421555188e-02,2.054226032878789243e-02,1.936147521901957269e+00,1.936062424111472779e+00,1.499657349027888165e+00,-1.224620374676878232e+00,4.000000000000000000e+00
7.625000000000000000e+01,9.673307622114842275e+01,9.673755121939512946e+01,2.114350459050189437e-02,2.061348525942806667e-02,1.941774549439716280e+00,1.942775215677021272e+00,1.503211038554783885e+00,-1.229164339874396772e+00,4.000000000000000000e+00
7.650000000000000000e+01,9.675489188400578655e+01,9.676379696504463368e+01,2.119667580575836791e-02,2.067586626118337462e-02,1.946657680904789522e+00,1.948654486582162670e+00,1.506221513103869647e+00,-1.233196205025260062e+00,4.000000000000000000e+00
7.675000000000000000e+01,9.677343325881085434e+01,9.678642910463875637e+01,2.124197171693896838e-02,2.072980998794734034e-02,1.950817561171927617e+00,1.953738563053430521e+00,1.508707545701804875e+00,-1.236725797628247303e+00,4.000000000000000000e+00
7.700000000000000000e+01,9.678880111717785439e+01,9.680564373665673372e+01,2.127958819418080544e-02,2.077571853417951517e-02,1.954272178538463356e+00,1.958065341600830234e+00,1.510684854858781900e+00,-1.239762484151610611e+00,4.000000000000000000e+00
7.725000000000000000e+01,9.680108232362439935e+01,9.682162907797192020e+01,2.130969724123870160e-02,2.081398896528289730e-02,1.957037329463876763e+00,1.961672244756953232e+00,1.512166479097633243e+00,-1.242315438368440272e+00,4.000000000000000000e+00
7.750000000000000000e+01,9.681035252628971932e+01,9.683456603664791373e+01,2.133245261519593761e-02,2.084501288501052277e-02,1.959127134672091541e+00,1.964596180306009243e+00,1.513163217241724867e+00,-1.244393911828224786e+00,4.000000000000000000e+00
7.775000000000000000e+01,9.681667893057870344e+01,9.684462872819325696e+01,2.134799585668200467e-02,2.086917603851265110e-02,1.960554592953865471e+00,1.966873503871904738e+00,1.513684122327855652e+00,-1.246007499883145186e+00,4.000000000000000000e+00
7.800000000000000000e+01,9.682012311208934818e+01,9.685198494107922329e+01,2.135646257168431761e-02,2.088685794961962425e-02,1.961332158075034693e+00,1.968539984732957659e+00,1.513737035595786207e+00,-1.247166396823196299e+00,4.000000000000000000e+00
7.825000000000000000e+01,9.682074382230537424e+01,9.685679655659902210e+01,2.135798879970652112e-02,2.089843159094417063e-02,1.961472323614643631e+00,1.969630774729771883e+00,1.513329145933725473e+00,-1.247881633959619263e+00,4.000000000000000000e+00
7.850000000000000000e+01,9.681859973880462178e+01,9.685921992752395226e+01,2.135271730055065056e-02,2.090426308538090652e-02,1.960988200329667697e+00,1.970180380132228848e+00,1.512467559453697596e+00,-1.248165294915847712e+00,4.000000000000000000e+00
7.875000000000000000e+01,9.681375211109491374e+01,9.685940621947501938e+01,2.134080359348307712e-02,2.090471143757972536e-02,1.959894070779182096e+00,1.970222636331449895e+00,1.511159863556085892e+00,-1.248030702928636382e+00,4.000000000000000000e+00
7.900000000000000000e+01,9.680626725361020135e+01,9.685750171846599699e+01,2.132242158807728591e-02,2.090012829397273203e-02,1.958205906449004718e+00,1.969790685222867488e+00,1.509414669931654629e+00,-1.247492575627960232e+00,4.000000000000000000e+00
7.925000000000000000e+01,9.679621883876281174e+01,9.685364810767394772e+01,2.129776865541737826e-02,2.089085772994177248e-02,1.955941833480251635e+00,1.968916955147238523e+00,1.507242121441985550e+00,-1.246567143522221865e+00,4.000000000000000000e+00
7.950000000000000000e+01,9.678368994523026458e+01,9.684798271614718601e+01,2.126707000153621116e-02,2.087723606272444757e-02,1.953122534316607428e+00,1.967633143257450756e+00,1.504654348711327749e+00,-1.245272229257289087e+00,4.000000000000000000e+00
7.975000000000000000e+01,9.676877481976464423e+01,9.684063874186125531e+01,2.123058222161024883e-02,2.085959168867100241e-02,1.949771574114029793e+00,1.965970200180346072e+00,1.501665863524713762e+00,-1.243627285623661649e+00,4.000000000000000000e+00
8.000000000000000000e+01,9.675158031475532994e+01,9.683174545127265276e+01,2.118859593330359170e-02,2.083824494348180539e-02,1.945915642581471650e+00,1.963958316844413021e+00,1.498293877746069036e+00,-1.241653391229577297e+00,4.000000000000000000e+00
8.025000000000000000e+01,9.673222696847341240e+01,9.682142835729496255e+01,2.114143741019137643e-02,2.081350798407572561e-02,1.941584703991016569e+00,1.961626913346144363e+00,1.494558538385915902e+00,-1.239373203724220440e+00,4.000000000000000000e+00
8.050000000000000000e+01,9.671084970041928841e+01,9.680980937742604908e+01,2.108946916100434832e-02,2.078568469076216840e-02,1.936812050374471017e+00,1.959004629729967917e+00,1.490483071630079426e+00,-1.236810871418878577e+00,4.000000000000000000e+00
8.075000000000000000e+01,9.668759810046898906e+01,9.679700697358391892e+01,2.103308942691227770e-02,2.075507058841507060e-02,1.931634255354938601e+00,1.956119318559071285e+00,1.486093831031271684e+00,-1.233991905091531116e+00,4.000000000000000000e+00
8.100000000000000000e+01,9.666263629752613440e+01,9.678313627506210537e+01,2.097273059644604032e-02,2.072195278537409743e-02,1.926091028576633279e+00,1.952998039156974563e+00,1.481420247584469108e+00,-1.230943012657435442e+00,4.000000000000000000e+00
8.125000000000000000e+01,9.663614240121904686e+01,9.676830918588618147e+01,2.090885656549582722e-02,2.068660992882721122e-02,1.920224973252722567e+00,1.949667053402437400e+00,1.476494682023534288e+00,-1.227691900217493970e+00,4.000000000000000000e+00
8.150000000000000000e+01,9.660830751869190181e+01,9.675263447774236170e+01,2.084195909711518413e-02,2.064931217545943817e-02,1.914081251857460586e+00,1.946151822963169353e+00,1.471352182287008148e+00,-1.224267043741471550e+00,4.000000000000000000e+00
8.175000000000000000e+01,9.657933435775264286e+01,9.673621786955239088e+01,2.077255326211819783e-02,2.061032117618442905e-02,1.907707167400321868e+00,1.942477007856814541e+00,1.466030151656922742e+00,-1.220697436297520477e+00,4.000000000000000000e+00
8.200000000000000000e+01,9.654943543737689993e+01,9.671916209468560055e+01,2.070117206580333533e-02,2.056989007380838688e-02,1.901151669955729595e+00,1.938666466230781316e+00,1.460567935506600801e+00,-1.217012316266949279e+00,4.000000000000000000e+00
8.225000000000000000e+01,9.651883093667709090e+01,9.670156695672733349e+01,2.062836038795496860e-02,2.052826351251001505e-02,1.894464800125669646e+00,1.934743255255706007e+00,1.455006336820837243e+00,-1.213240882399864162e+00,4.000000000000000000e+00
8.250000000000000000e+01,9.648774622372984311e+01,9.668352937466067942e+01,2.055466838203216795e-02,2.048567765805490298e-02,1.887697082835209983e+00,1.930729633030615400e+00,1.449387072639434892e+00,-1.209412001846455587e+00,4.000000000000000000e+00
8.275000000000000000e+01,9.645640911568750653e+01,9.666514341826459145e+01,2.048064449433025652e-02,2.044236022769807884e-02,1.880898886227126088e+00,1.926647061401173699e+00,1.443752185233999175e+00,-1.205553917434842859e+00,4.000000000000000000e+00
8.300000000000000000e+01,9.642504693121182413e+01,9.664650033448714339e+01,2.040682827492068530e-02,2.039853052876454409e-02,1.874119761433890474e+00,1.922516209595814374e+00,1.438143423153747547e+00,-1.201693960472733247e+00,4.000000000000000000e+00
8.325000000000000000e+01,9.639388340482996398e+01,9.662768856551122099e+01,2.033374315850509234e-02,2.035439950493365957e-02,1.867407779586643279e+00,1.918356958587939420e+00,1.432601608186369058e+00,-1.197858275207274836e+00,4.000000000000000000e+00
8.350000000000000000e+01,9.636313554006021320e+01,9.660879375919849110e+01,2.026188939518849819e-02,2.031016978928982392e-02,1.860808882592418945e+00,1.914188406095828077e+00,1.427166004781462050e+00,-1.194071560808215304e+00,4.000000000000000000e+00
8.375000000000000000e+01,9.633301048355266971e+01,9.658989877256699685e+01,2.019173730832380179e-02,2.026603576323862677e-02,1.854366263948906912e+00,1.910028872135354661e+00,1.421873708550577264e+00,-1.190356836332893131e+00,4.000000000000000000e+00
8.400000000000000000e+01,9.630370250561992407e+01,9.657108366893342577e+01,2.012372104907526535e-02,2.022218362042381770e-02,1.848119795176826896e+00,1.905895905044019401e+00,1.416759070066062165e+00,-1.186735233617837171e+00,4.000000000000000000e+00
8.425000000000000000e+01,9.627539017310442659e+01,9.655242570933023671e+01,2.005823300556746486e-02,2.017879143481761048e-02,1.842105512368045206e+00,1.901806287898309522e+00,1.411853169379250872e+00,-1.183225822406907657e+00,4.000000000000000000e+00
8.450000000000000000e+01,9.624823379820145419e+01,9.653399933878790762e+01,1.999561900856218835e-02,2.013602923219265373e-02,1.836355175885125757e+00,1.897776045249772947e+00,1.407183355433902161e+00,-1.179845471318119454e+00,4.000000000000000000e+00
8.475000000000000000e+01,9.622237324155670990e+01,9.651587616805713310e+01,1.993617445613120667e-02,2.009405906422019605e-02,1.830895914459507168e+00,1.893820450108606890e+00,1.402772862946664034e+00,-1.176608747445357928e+00,4.000000000000000000e+00
8.500000000000000000e+01,9.619792613967042882e+01,9.649812495132999857e+01,1.988014145721903395e-02,2.005303508447546165e-02,1.825749962862376119e+00,1.889954031106994670e+00,1.398640517354365453e+00,-1.173527856553341797e+00,4.000000000000000000e+00
8.525000000000000000e+01,9.617498661554071759e+01,9.648081156050596974e+01,1.982770706892279106e-02,2.001310362566533982e-02,1.820934500020193525e+00,1.886190579777644594e+00,1.394800536184263695e+00,-1.170612624920764455e+00,4.000000000000000000e+00
8.550000000000000000e+01,9.615362451789577847e+01,9.646399895653500778e+01,1.977900267537553020e-02,1.997440327743051774e-02,1.816461591972657663e+00,1.882543157886468199e+00,1.391262432701308560e+00,-1.167870522988690762e+00,4.000000000000000000e+00
8.575000000000000000e+01,9.613388521881789472e+01,9.644774715835737311e+01,1.973410452806969792e-02,1.993706496410676057e-02,1.812338241494864777e+00,1.879024104761407576e+00,1.388031025038984456e+00,-1.165306730056050455e+00,4.000000000000000000e+00
8.600000000000000000e+01,9.611578998256605644e+01,9.643211320994714697e+01,1.969303543876921303e-02,1.990121202186625332e-02,1.808566543570757412e+00,1.875645044562836983e+00,1.385106551249632112e+00,-1.162924238378763242e+00,4.000000000000000000e+00
8.625000000000000000e+01,9.609933690076675816e+01,9.641715114595201896e+01,1.965576758778928707e-02,1.986696027469158840e-02,1.805143943299578169e+00,1.872416893443940689e+00,1.382484887934125384e+00,-1.160723994179890584e+00,4.000000000000000000e+00
8.650000000000000000e+01,9.608450237147336281e+01,9.640291195640966748e+01,1.962222638275500780e-02,1.983441810867033611e-02,1.802063590276060889e+00,1.869349866552812767e+00,1.380157867364572466e+00,-1.158705072289891280e+00,4.000000000000000000e+00
8.675000000000000000e+01,9.607124308272193502e+01,9.638944355100363737e+01,1.959229527686785766e-02,1.980368654412896154e-02,1.799314781089793813e+00,1.866453484830917553e+00,1.378113685408333122e+00,-1.156864880415372276e+00,4.000000000000000000e+00
8.700000000000000000e+01,9.605949844571458129e+01,9.637679072330756469e+01,1.956582143160121023e-02,1.977485930515835919e-02,1.796883479375144699e+00,1.863736581565718087e+00,1.376337390128636429e+00,-1.155199388411030759e+00,4.000000000000000000e+00
8.725000000000000000e+01,9.604919340933014382e+01,9.636499511544705854e+01,1.954262208743937426e-02,1.974802288611416171e-02,1.794752900886402269e+00,1.861207308658180848e+00,1.374811438781707640e+00,-1.153703377404749819e+00,4.000000000000000000e+00
8.750000000000000000e+01,9.604024157663118899e+01,9.635409518359071512e+01,1.952249148800101405e-02,1.972325661470678698e-02,1.792904149394564328e+00,1.858873142568874259e+00,1.373516309075580644e+00,-1.152370703211271552e+00,4.000000000000000000e+00
8.775000000000000000e+01,9.603254853585579554e+01,9.634412616465962742e+01,1.950520818842756132e-02,1.970063271132655586e-02,1.791316887874203623e+00,1.856740889909228365e+00,1.372431149081681845e+00,-1.151194568182831723e+00,4.000000000000000000e+00
8.800000000000000000e+01,9.602601531310585870e+01,9.633512004462295408e+01,1.949054256840475688e-02,1.968021634427929989e-02,1.789970028483408582e+00,1.854816692647368814e+00,1.371534449116595944e+00,-1.150167795478264310e+00,4.000000000000000000e+00
8.825000000000000000e+01,9.602054185168191225e+01,9.632710552872232768e+01,1.947826436413827370e-02,1.966206568063838186e-02,1.788842424284425192e+00,1.853106032900806222e+00,1.370804718278865186e+00,-1.149283099703541255e+00,4.000000000000000000e+00
8.850000000000000000e+01,9.601603042360544293e+01,9.632010801394139321e+01,1.946815003211493922e-02,1.964623193244760882e-02,1.787913545515845026e+00,1.851613737290958461e+00,1.370221148154550095e+00,-1.148533347965598139e+00,4.000000000000000000e+00
8.875000000000000000e+01,9.601238888214248846e+01,9.631414956400965366e+01,1.945998976074595627e-02,1.963275939803912212e-02,1.787164123527026138e+00,1.850343980837270363e+00,1.369764246486014692e+00,-1.147911805615189573e+00,4.000000000000000000e+00
8.900000000000000000e+01,9.600953366980075998e+01,9.630924888719910371e+01,1.945359395397701710e-02,1.962168549825875352e-02,1.786576746219073142e+00,1.849300290371372446e+00,1.369416424351741268e+00,-1.147412361292321936e+00,4.000000000000000000e+00
8.925000000000000000e+01,9.600739250396138402e+01,9.630542131714220488e+01,1.944879902346546494e-02,1.961304080741957390e-02,1.786136389986083817e+00,1.848485547454384870e+00,1.369162521576938740e+00,-1.147029726354813706e+00,4.000000000000000000e+00
8.950000000000000000e+01,9.600590667173834447e+01,9.630267879686610399e+01,1.944547234284006026e-02,1.960684907883287684e-02,1.785830874703843163e+00,1.847901990783155091e+00,1.368990256689513796e+00,-1.146759604335046312e+00,4.000000000000000000e+00
8.975000000000000000e+01,9.600503287642480643e+01,9.630102986620525485e+01,1.944351623832122483e-02,1.960312726479284881e-02,1.785651230219909014e+00,1.847551218073769874e+00,1.368890589685765047e+00,-1.146598826728700837e+00,4.000000000000000000e+00
9.000000000000000000e+01,9.600474458970680303e+01,9.630047965271893418e+01,1.944287091415796559e-02,1.960188553091973124e-02,1.785591965019526217e+00,1.847434187413364848e+00,1.368857988136871651e+00,-1.146545452154501099e+00,4.000000000000000000e+00
