z_m,z_over_rayleigh,p_sim_pa,p_analytic_pa,p_sim_over_p0,p_analytic_over_p0
9.999999974752427079e-07,1.091802914743311703e-06,2.458366546630859375e+02,2.161653594970703125e+02,5.972707867622375488e-01,5.251830816268920898e-01
4.521252994891256094e-04,4.936317563988268375e-04,2.612846374511718750e+02,2.487185821533203125e+02,6.348023414611816406e-01,6.042725443840026855e-01
9.032506495714187622e-04,9.861716534942388535e-04,2.768976135253906250e+02,2.807052307128906250e+02,6.727347373962402344e-01,6.819854974746704102e-01
1.354375970549881458e-03,1.478711608797311783e-03,2.991295776367187500e+02,3.120760803222656250e+02,7.267482280731201172e-01,7.582023143768310547e-01
1.805501291528344154e-03,1.971251564100384712e-03,3.295424499511718750e+02,3.427876586914062500e+02,8.006376028060913086e-01,8.328174352645874023e-01
2.256626496091485023e-03,2.463791519403457642e-03,3.604903564453125000e+02,3.727952880859375000e+02,8.758268952369689941e-01,9.057222604751586914e-01
2.707751933485269547e-03,2.956331474706530571e-03,3.888584594726562500e+02,4.020585327148437500e+02,9.447484016418457031e-01,9.768185615539550781e-01
3.158877138048410416e-03,3.448871430009603500e-03,4.177005920410156250e+02,4.305385742187500000e+02,1.014821648597717285e+00,1.046012043952941895e+00
3.610002575442194939e-03,3.941411618143320084e-03,4.456746215820312500e+02,4.581989440917968750e+02,1.082785725593566895e+00,1.113214135169982910e+00
4.061128012835979462e-03,4.433951340615749359e-03,4.719597167968750000e+02,4.850049438476562500e+02,1.146646499633789062e+00,1.178340435028076172e+00
4.512253217399120331e-03,4.926491528749465942e-03,4.990954589843750000e+02,5.109257202148437500e+02,1.212574005126953125e+00,1.241316080093383789e+00
4.963378421962261200e-03,5.419031251221895218e-03,5.232374877929687500e+02,5.359306640625000000e+02,1.271228075027465820e+00,1.302066683769226074e+00
5.414503626525402069e-03,5.911570973694324493e-03,5.476338500976562500e+02,5.599931030273437500e+02,1.330500125885009766e+00,1.360527396202087402e+00
5.865629296749830246e-03,6.404111161828041077e-03,5.715070190429687500e+02,5.830891723632812500e+02,1.388501048088073730e+00,1.416640281677246094e+00
6.316754501312971115e-03,6.896650884300470352e-03,5.928035888671875000e+02,6.051950683593750000e+02,1.440241932868957520e+00,1.470347523689270020e+00
6.767879705876111984e-03,7.389191072434186935e-03,6.152438354492187500e+02,6.262902221679687500e+02,1.494761466979980469e+00,1.521599173545837402e+00
7.219004910439252853e-03,7.881730794906616211e-03,6.346283569335937500e+02,6.463575439453125000e+02,1.541857004165649414e+00,1.570353627204895020e+00
7.670130115002393723e-03,8.374270983040332794e-03,6.538582153320312500e+02,6.653799438476562500e+02,1.588576793670654297e+00,1.616569280624389648e+00
8.121255785226821899e-03,8.866811171174049377e-03,6.731249389648437500e+02,6.833444213867187500e+02,1.635386109352111816e+00,1.660214781761169434e+00
8.572380989789962769e-03,9.359350427985191345e-03,6.888823852539062500e+02,7.002385864257812500e+02,1.673669576644897461e+00,1.701259851455688477e+00
9.023506194353103638e-03,9.851890616118907928e-03,7.060410156250000000e+02,7.160533447265625000e+02,1.715357184410095215e+00,1.739682555198669434e+00
9.474631398916244507e-03,1.034443080425262451e-02,7.203821411132812500e+02,7.307805175781250000e+02,1.750199556350708008e+00,1.775462865829467773e+00
9.925756603479385376e-03,1.083697006106376648e-02,7.340238647460937500e+02,7.444151000976562500e+02,1.783342719078063965e+00,1.808588624000549316e+00
1.037688180804252625e-02,1.132951024919748306e-02,7.484078369140625000e+02,7.569532470703125000e+02,1.818289160728454590e+00,1.839050650596618652e+00
1.082800794392824173e-02,1.182205043733119965e-02,7.583707885742187500e+02,7.683922729492187500e+02,1.842494606971740723e+00,1.866842269897460938e+00
1.127913314849138260e-02,1.231459062546491623e-02,7.699454956054687500e+02,7.787333374023437500e+02,1.870615839958190918e+00,1.891966342926025391e+00
1.173025835305452347e-02,1.280713081359863281e-02,7.791770629882812500e+02,7.879771728515625000e+02,1.893044352531433105e+00,1.914424538612365723e+00
1.218138355761766434e-02,1.329967007040977478e-02,7.870866699218750000e+02,7.961274414062500000e+02,1.912261128425598145e+00,1.934226036071777344e+00
1.263250876218080521e-02,1.379221025854349136e-02,7.966660766601562500e+02,8.031895751953125000e+02,1.935534715652465820e+00,1.951383829116821289e+00
1.308363396674394608e-02,1.428474951535463333e-02,8.006957397460937500e+02,8.091696166992187500e+02,1.945324897766113281e+00,1.965912580490112305e+00
1.353475917130708694e-02,1.477728970348834991e-02,8.066427001953125000e+02,8.140762939453125000e+02,1.959773302078247070e+00,1.977833509445190430e+00
1.398588437587022781e-02,1.526982989162206650e-02,8.108847656250000000e+02,8.179187622070312500e+02,1.970079541206359863e+00,1.987169027328491211e+00
1.443700958043336868e-02,1.576237007975578308e-02,8.131643066406250000e+02,8.207080078125000000e+02,1.975617766380310059e+00,1.993945598602294922e+00
1.488813571631908417e-02,1.625491119921207428e-02,8.172559814453125000e+02,8.224564819335937500e+02,1.985558748245239258e+00,1.998193502426147461e+00
1.533926092088222504e-02,1.674745045602321625e-02,8.163779296875000000e+02,8.231777343750000000e+02,1.983425498008728027e+00,1.999945878982543945e+00
1.579038612544536591e-02,1.723998971283435822e-02,8.168776245117187500e+02,8.228864135742187500e+02,1.984639525413513184e+00,1.999238133430480957e+00
1.624151133000850677e-02,1.773252896964550018e-02,8.164005126953125000e+02,8.215983886718750000e+02,1.983480334281921387e+00,1.996108770370483398e+00
1.669263653457164764e-02,1.822507008910179138e-02,8.133598632812500000e+02,8.193307495117187500e+02,1.976092934608459473e+00,1.990599513053894043e+00
1.714376173913478851e-02,1.871760934591293335e-02,8.122105102539062500e+02,8.161012573242187500e+02,1.973300576210021973e+00,1.982753276824951172e+00
1.759488694369792938e-02,1.921014860272407532e-02,8.068477783203125000e+02,8.119289550781250000e+02,1.960271596908569336e+00,1.972616434097290039e+00
1.804601214826107025e-02,1.970268972218036652e-02,8.022658081054687500e+02,8.068332519531250000e+02,1.949139475822448730e+00,1.960236191749572754e+00
1.849713735282421112e-02,2.019522897899150848e-02,7.974531250000000000e+02,8.008350219726562500e+02,1.937446832656860352e+00,1.945663332939147949e+00
1.894826255738735199e-02,2.068776823580265045e-02,7.895680541992187500e+02,7.939557495117187500e+02,1.918289661407470703e+00,1.928949832916259766e+00
1.939938776195049286e-02,2.118030935525894165e-02,7.835876464843750000e+02,7.862169189453125000e+02,1.903760075569152832e+00,1.910148024559020996e+00
1.985051296651363373e-02,2.167284861207008362e-02,7.742500000000000000e+02,7.776417236328125000e+02,1.881073832511901855e+00,1.889314174652099609e+00
2.030163817107677460e-02,2.216538786888122559e-02,7.650962524414062500e+02,7.682531127929687500e+02,1.858834385871887207e+00,1.866504192352294922e+00
2.075276523828506470e-02,2.265793085098266602e-02,7.564097900390625000e+02,7.580746459960937500e+02,1.837730288505554199e+00,1.841775059700012207e+00
2.120389044284820557e-02,2.315047010779380798e-02,7.442796020507812500e+02,7.471304931640625000e+02,1.808259487152099609e+00,1.815185785293579102e+00
2.165501564741134644e-02,2.364300936460494995e-02,7.340015258789062500e+02,7.354453125000000000e+02,1.783288478851318359e+00,1.786796212196350098e+00
2.210614085197448730e-02,2.413554862141609192e-02,7.212500000000000000e+02,7.230447387695312500e+02,1.752308011054992676e+00,1.756668448448181152e+00
2.255726605653762817e-02,2.462808974087238312e-02,7.081381225585937500e+02,7.099527587890625000e+02,1.720452189445495605e+00,1.724860906600952148e+00
2.300839126110076904e-02,2.512062899768352509e-02,6.960856323242187500e+02,6.961957397460937500e+02,1.691170096397399902e+00,1.691437602043151855e+00
2.345951646566390991e-02,2.561316825449466705e-02,6.803928833007812500e+02,6.817995605468750000e+02,1.653043866157531738e+00,1.656461477279663086e+00
2.391064167022705078e-02,2.610570937395095825e-02,6.664362182617187500e+02,6.667892456054687500e+02,1.619135618209838867e+00,1.619993329048156738e+00
2.436176687479019165e-02,2.659824863076210022e-02,6.508519897460937500e+02,6.511911010742187500e+02,1.581273078918457031e+00,1.582096934318542480e+00
2.481289207935333252e-02,2.709078788757324219e-02,6.344613647460937500e+02,6.350317993164062500e+02,1.541451334953308105e+00,1.542837142944335938e+00
2.526401728391647339e-02,2.758332900702953339e-02,6.195697021484375000e+02,6.183370971679687500e+02,1.505271315574645996e+00,1.502276659011840820e+00
2.571514248847961426e-02,2.807586826384067535e-02,6.010421752929687500e+02,6.011322631835937500e+02,1.460257887840270996e+00,1.460476756095886230e+00
2.616626769304275513e-02,2.856840752065181732e-02,5.840763549804687500e+02,5.834444580078125000e+02,1.419038772583007812e+00,1.417503476142883301e+00
2.661739289760589600e-02,2.906094677746295929e-02,5.662348632812500000e+02,5.652987670898437500e+02,1.375692009925842285e+00,1.373417735099792480e+00
2.706851810216903687e-02,2.955348789691925049e-02,5.472768554687500000e+02,5.467208862304687500e+02,1.329632759094238281e+00,1.328281998634338379e+00
2.751964330673217773e-02,3.004602715373039246e-02,5.298483276367187500e+02,5.277369384765625000e+02,1.287289381027221680e+00,1.282159686088562012e+00
2.797076851129531860e-02,3.053856641054153442e-02,5.094466247558593750e+02,5.083728332519531250e+02,1.237722635269165039e+00,1.235113739967346191e+00
2.842189557850360870e-02,3.103110939264297485e-02,4.901601867675781250e+02,4.886524963378906250e+02,1.190865397453308105e+00,1.187202334403991699e+00
2.887302078306674957e-02,3.152364864945411682e-02,4.706107482910156250e+02,4.686019897460937500e+02,1.143369197845458984e+00,1.138488769531250000e+00
2.932414598762989044e-02,3.201618790626525879e-02,4.497988586425781250e+02,4.482451171875000000e+02,1.092805743217468262e+00,1.089030861854553223e+00
2.977527119219303131e-02,3.250872716307640076e-02,4.302749938964843750e+02,4.276070251464843750e+02,1.045371651649475098e+00,1.038889765739440918e+00
3.022639639675617218e-02,3.300127014517784119e-02,4.087835388183593750e+02,4.067116394042968750e+02,9.931572675704956055e-01,9.881234765052795410e-01
3.067752160131931305e-02,3.349380940198898315e-02,3.878585815429687500e+02,3.855827026367187500e+02,9.423191547393798828e-01,9.367898106575012207e-01
3.112864680588245392e-02,3.398634865880012512e-02,3.671084594726562500e+02,3.642428588867187500e+02,8.919058442115783691e-01,8.849437832832336426e-01
3.157977014780044556e-02,3.447888419032096863e-02,3.451344299316406250e+02,3.427150573730468750e+02,8.385190367698669434e-01,8.326410651206970215e-01
3.203089907765388489e-02,3.497143089771270752e-02,3.241618957519531250e+02,3.210237731933593750e+02,7.875653505325317383e-01,7.799411416053771973e-01
3.248202428221702576e-02,3.546397015452384949e-02,3.020865478515625000e+02,2.991896362304687500e+02,7.339323163032531738e-01,7.268941402435302734e-01
3.293314948678016663e-02,3.595650941133499146e-02,2.801768798828125000e+02,2.772334289550781250e+02,6.807018518447875977e-01,6.735506057739257812e-01
3.338427469134330750e-02,3.644904866814613342e-02,2.586809387207031250e+02,2.551786651611328125e+02,6.284765005111694336e-01,6.199675798416137695e-01
3.383539989590644836e-02,3.694158792495727539e-02,2.361956176757812500e+02,2.330444183349609375e+02,5.738474726676940918e-01,5.661914944648742676e-01
3.428652510046958923e-02,3.743412718176841736e-02,2.143884277343750000e+02,2.108512878417968750e+02,5.208659768104553223e-01,5.122722983360290527e-01
3.473765030503273010e-02,3.792667016386985779e-02,1.921695709228515625e+02,1.886197509765625000e+02,4.668842852115631104e-01,4.582598209381103516e-01
3.518877550959587097e-02,3.841920942068099976e-02,1.698852386474609375e+02,1.663690490722656250e+02,4.127435386180877686e-01,4.042007923126220703e-01
3.563990071415901184e-02,3.891174867749214172e-02,1.480380554199218750e+02,1.441167144775390625e+02,3.596648573875427246e-01,3.501377999782562256e-01
3.609102591872215271e-02,3.940428793430328369e-02,1.256413726806640625e+02,1.218825073242187500e+02,3.052511513233184814e-01,2.961188256740570068e-01
3.654215112328529358e-02,3.989682719111442566e-02,1.035647659301757812e+02,9.968344116210937500e+01,2.516150772571563721e-01,2.421852350234985352e-01
3.699327632784843445e-02,4.038936644792556763e-02,8.157665252685546875e+01,7.753775024414062500e+01,1.981939971446990967e-01,1.883813142776489258e-01
3.744440153241157532e-02,4.088190570473670959e-02,5.948442459106445312e+01,5.546138763427734375e+01,1.445199847221374512e-01,1.347458362579345703e-01
3.789552673697471619e-02,4.137444868683815002e-02,3.760330200195312500e+01,3.347059249877929688e+01,9.135884791612625122e-02,8.131825178861618042e-02
3.834665194153785706e-02,4.186698794364929199e-02,1.595876979827880859e+01,1.158122444152832031e+01,3.877251967787742615e-02,2.813708595931529999e-02
3.879777714610099792e-02,4.235952720046043396e-02,6.244440555572509766e+00,1.019130039215087891e+01,1.517113856971263885e-02,2.476020529866218567e-02
3.924890235066413879e-02,4.285206645727157593e-02,2.755030441284179688e+01,3.183219718933105469e+01,6.693465262651443481e-02,7.733769714832305908e-02
3.970002755522727966e-02,4.334460571408271790e-02,4.900633239746093750e+01,5.332803344726562500e+01,1.190630048513412476e-01,1.295627653598785400e-01
4.015115275979042053e-02,4.383714497089385986e-02,7.049745178222656250e+01,7.466451263427734375e+01,1.712765991687774658e-01,1.814006567001342773e-01
4.060227796435356140e-02,4.432968795299530029e-02,9.129793548583984375e+01,9.582829284667968750e+01,2.218122780323028564e-01,2.328189760446548462e-01
4.105340316891670227e-02,4.482222720980644226e-02,1.124089660644531250e+02,1.168075790405273438e+02,2.731024324893951416e-01,2.837890684604644775e-01
4.150452837347984314e-02,4.531476646661758423e-02,1.331060333251953125e+02,1.375903472900390625e+02,3.233868479728698730e-01,3.342816829681396484e-01
4.195565357804298401e-02,4.580730572342872620e-02,1.534872436523437500e+02,1.581640167236328125e+02,3.729038834571838379e-01,3.842663168907165527e-01
4.240677878260612488e-02,4.629984498023986816e-02,1.743076019287109375e+02,1.785191650390625000e+02,4.234878420829772949e-01,4.337200224399566650e-01
4.285790398716926575e-02,4.679238423705101013e-02,1.938580017089843750e+02,1.986428527832031250e+02,4.709863960742950439e-01,4.826113879680633545e-01
4.330902919173240662e-02,4.728492349386215210e-02,2.139009704589843750e+02,2.185271606445312500e+02,5.196816325187683105e-01,5.309211611747741699e-01
4.376015439629554749e-02,4.777746647596359253e-02,2.336548767089843750e+02,2.381615447998046875e+02,5.676746368408203125e-01,5.786237716674804688e-01
4.421127960085868835e-02,4.827000573277473450e-02,2.526025848388671875e+02,2.575367126464843750e+02,6.137089133262634277e-01,6.256965994834899902e-01
4.466240480542182922e-02,4.876254498958587646e-02,2.723714294433593750e+02,2.766448669433593750e+02,6.617381572723388672e-01,6.721206307411193848e-01
4.511353000998497009e-02,4.925508424639701843e-02,2.905511474609375000e+02,2.954779663085937500e+02,7.059065699577331543e-01,7.178764939308166504e-01
4.556465521454811096e-02,4.974762350320816040e-02,3.091996459960937500e+02,3.140270690917968750e+02,7.512139081954956055e-01,7.629423141479492188e-01
4.601578041911125183e-02,5.024016276001930237e-02,3.278862915039062500e+02,3.322858276367187500e+02,7.966139316558837891e-01,8.073027729988098145e-01
4.646690562367439270e-02,5.073270574212074280e-02,3.451189575195312500e+02,3.502464904785156250e+02,8.384814262390136719e-01,8.509389758110046387e-01
4.691803082823753357e-02,5.122524499893188477e-02,3.635417480468750000e+02,3.679043884277343750e+02,8.832404017448425293e-01,8.938395977020263672e-01
4.736915603280067444e-02,5.171778425574302673e-02,3.802768249511718750e+02,3.852518920898437500e+02,9.238989949226379395e-01,9.359861016273498535e-01
4.782028496265411377e-02,5.221032723784446716e-02,3.972735290527343750e+02,4.022854309082031250e+02,9.651932120323181152e-01,9.773698449134826660e-01
4.827141016721725464e-02,5.270286649465560913e-02,4.148159179687500000e+02,4.189970397949218750e+02,1.007813215255737305e+00,1.017971396446228027e+00
4.872253537178039551e-02,5.319540575146675110e-02,4.301162414550781250e+02,4.353843383789062500e+02,1.044986009597778320e+00,1.057785034179687500e+00
4.917366057634353638e-02,5.368794873356819153e-02,4.469594116210937500e+02,4.514423828125000000e+02,1.085907220840454102e+00,1.096798777580261230e+00
4.962478578090667725e-02,5.418048799037933350e-02,4.622214660644531250e+02,4.671672668457031250e+02,1.122987031936645508e+00,1.135003089904785156e+00
5.007591098546981812e-02,5.467302724719047546e-02,4.773698730468750000e+02,4.825549926757812500e+02,1.159790754318237305e+00,1.172388195991516113e+00
5.052703619003295898e-02,5.516556650400161743e-02,4.937308654785156250e+02,4.976029968261718750e+02,1.199540495872497559e+00,1.208948016166687012e+00
5.097816139459609985e-02,5.565810576081275940e-02,5.069422912597656250e+02,5.123077392578125000e+02,1.231638193130493164e+00,1.244673848152160645e+00
5.142928659915924072e-02,5.615064501762390137e-02,5.220285034179687500e+02,5.266668090820312500e+02,1.268290758132934570e+00,1.279559731483459473e+00
5.188041180372238159e-02,5.664318427443504333e-02,5.358273315429687500e+02,5.406784667968750000e+02,1.301815629005432129e+00,1.313601732254028320e+00
5.233153700828552246e-02,5.713572725653648376e-02,5.489874877929687500e+02,5.543403930664062500e+02,1.333788871765136719e+00,1.346793889999389648e+00
5.278266221284866333e-02,5.762826651334762573e-02,5.641045532226562500e+02,5.676517333984375000e+02,1.370516419410705566e+00,1.379134416580200195e+00
5.323378741741180420e-02,5.812080577015876770e-02,5.751839599609375000e+02,5.806102294921875000e+02,1.397434234619140625e+00,1.410617589950561523e+00
5.368491262197494507e-02,5.861334502696990967e-02,5.883874511718750000e+02,5.932147827148437500e+02,1.429512739181518555e+00,1.441240906715393066e+00
5.413603782653808594e-02,5.910588428378105164e-02,6.007639160156250000e+02,6.054660034179687500e+02,1.459581851959228516e+00,1.471005797386169434e+00
5.458716303110122681e-02,5.959842354059219360e-02,6.118471679687500000e+02,6.173627319335937500e+02,1.486509084701538086e+00,1.499909400939941406e+00
5.503828823566436768e-02,6.009096279740333557e-02,6.251894531250000000e+02,6.289049682617187500e+02,1.518924832344055176e+00,1.527951836585998535e+00
5.548941344022750854e-02,6.058350577950477600e-02,6.346379394531250000e+02,6.400930175781250000e+02,1.541880249977111816e+00,1.555133700370788574e+00
5.594053864479064941e-02,6.107604503631591797e-02,6.458796386718750000e+02,6.509260253906250000e+02,1.569192528724670410e+00,1.581452846527099609e+00
5.639166384935379028e-02,6.156858429312705994e-02,6.568978881835937500e+02,6.614061889648437500e+02,1.595961809158325195e+00,1.606914877891540527e+00
5.684278905391693115e-02,6.206112354993820190e-02,6.658614501953125000e+02,6.715338745117187500e+02,1.617739200592041016e+00,1.631520509719848633e+00
5.729391425848007202e-02,6.255366653203964233e-02,6.773574829101562500e+02,6.813094482421875000e+02,1.645669221878051758e+00,1.655270695686340332e+00
5.774503946304321289e-02,6.304620206356048584e-02,6.852807006835937500e+02,6.907349853515625000e+02,1.664919018745422363e+00,1.678170442581176758e+00
5.819616466760635376e-02,6.353874504566192627e-02,6.945231933593750000e+02,6.998112182617187500e+02,1.687374114990234375e+00,1.700221538543701172e+00
5.864728987216949463e-02,6.403128057718276978e-02,7.042644042968750000e+02,7.085403442382812500e+02,1.711040854454040527e+00,1.721429347991943359e+00
5.909841507673263550e-02,6.452382355928421021e-02,7.111054687500000000e+02,7.169240722656250000e+02,1.727661490440368652e+00,1.741798043251037598e+00
5.954954028129577637e-02,6.501636654138565063e-02,7.207211303710937500e+02,7.249642333984375000e+02,1.751023173332214355e+00,1.761331915855407715e+00
6.000066548585891724e-02,6.550890207290649414e-02,7.272385864257812500e+02,7.326630249023437500e+02,1.766857624053955078e+00,1.780036449432373047e+00
6.045179069042205811e-02,6.600144505500793457e-02,7.344807128906250000e+02,7.400234375000000000e+02,1.784452676773071289e+00,1.797918915748596191e+00
6.090291589498519897e-02,6.649398058652877808e-02,7.430364990234375000e+02,7.470468139648437500e+02,1.805239319801330566e+00,1.814982533454895020e+00
6.135404109954833984e-02,6.698652356863021851e-02,7.477866821289062500e+02,7.537364501953125000e+02,1.816780090332031250e+00,1.831235289573669434e+00
6.180516630411148071e-02,6.747905910015106201e-02,7.555204467773437500e+02,7.600949096679687500e+02,1.835569620132446289e+00,1.846683382987976074e+00
6.225629150867462158e-02,6.797160208225250244e-02,7.607596435546875000e+02,7.661256713867187500e+02,1.848298430442810059e+00,1.861335396766662598e+00
6.270741671323776245e-02,6.846414506435394287e-02,7.660310058593750000e+02,7.718311767578125000e+02,1.861105442047119141e+00,1.875197172164916992e+00
6.315854191780090332e-02,6.895668059587478638e-02,7.734984130859375000e+02,7.772146606445312500e+02,1.879247784614562988e+00,1.888276576995849609e+00
6.360966712236404419e-02,6.944922357797622681e-02,7.762178955078125000e+02,7.822792358398437500e+02,1.885854959487915039e+00,1.900581240653991699e+00
6.406079232692718506e-02,6.994175910949707031e-02,7.820960083007812500e+02,7.870286865234375000e+02,1.900135993957519531e+00,1.912120223045349121e+00
6.451191753149032593e-02,7.043430209159851074e-02,7.861865234375000000e+02,7.914662475585937500e+02,1.910074114799499512e+00,1.922901391983032227e+00
6.496304273605346680e-02,7.092683762311935425e-02,7.895424804687500000e+02,7.955954589843750000e+02,1.918227553367614746e+00,1.932933568954467773e+00
6.541416794061660767e-02,7.141938060522079468e-02,7.961062011718750000e+02,7.994198608398437500e+02,1.934174418449401855e+00,1.942225098609924316e+00
6.586529314517974854e-02,7.191192358732223511e-02,7.967919921875000000e+02,8.029435424804687500e+02,1.935840606689453125e+00,1.950785994529724121e+00
6.631641834974288940e-02,7.240445911884307861e-02,8.008637695312500000e+02,8.061697387695312500e+02,1.945733189582824707e+00,1.958624243736267090e+00
6.676754355430603027e-02,7.289700210094451904e-02,8.039334716796875000e+02,8.091024169921875000e+02,1.953191161155700684e+00,1.965749263763427734e+00
6.721866875886917114e-02,7.338953763246536255e-02,8.054507446289062500e+02,8.117459106445312500e+02,1.956877350807189941e+00,1.972171783447265625e+00
6.766979396343231201e-02,7.388208061456680298e-02,8.103100585937500000e+02,8.141038818359375000e+02,1.968683242797851562e+00,1.977900505065917969e+00
6.812091916799545288e-02,7.437461614608764648e-02,8.099611206054687500e+02,8.161802368164062500e+02,1.967835545539855957e+00,1.982945203781127930e+00
6.857204437255859375e-02,7.486715912818908691e-02,8.122951049804687500e+02,8.179792480468750000e+02,1.973506093025207520e+00,1.987315893173217773e+00
6.902316957712173462e-02,7.535970211029052734e-02,8.144665527343750000e+02,8.195050659179687500e+02,1.978781700134277344e+00,1.991022944450378418e+00
6.947429478168487549e-02,7.585223764181137085e-02,8.142390747070312500e+02,8.207615966796875000e+02,1.978229045867919922e+00,1.994075775146484375e+00
6.992541998624801636e-02,7.634478062391281128e-02,8.174539184570312500e+02,8.217533569335937500e+02,1.986039638519287109e+00,1.996485233306884766e+00
7.037654519081115723e-02,7.683731615543365479e-02,8.162183227539062500e+02,8.224841918945312500e+02,1.983037710189819336e+00,1.998260855674743652e+00
7.082767784595489502e-02,7.732986658811569214e-02,8.168991699218750000e+02,8.229586791992187500e+02,1.984691858291625977e+00,1.999413728713989258e+00
7.127880305051803589e-02,7.782240957021713257e-02,8.182872924804687500e+02,8.231808471679687500e+02,1.988064289093017578e+00,1.999953389167785645e+00
7.172992825508117676e-02,7.831494510173797607e-02,8.164225463867187500e+02,8.231550292968750000e+02,1.983533859252929688e+00,1.999890685081481934e+00
7.218105345964431763e-02,7.880748808383941650e-02,8.180676879882812500e+02,8.228855590820312500e+02,1.987530827522277832e+00,1.999235987663269043e+00
7.263217866420745850e-02,7.930002361536026001e-02,8.160834350585937500e+02,8.223766479492187500e+02,1.982710003852844238e+00,1.997999548912048340e+00
7.308330386877059937e-02,7.979256659746170044e-02,8.152082519531250000e+02,8.216326904296875000e+02,1.980583667755126953e+00,1.996192097663879395e+00
7.353442907333374023e-02,8.028510212898254395e-02,8.159190673828125000e+02,8.206580200195312500e+02,1.982310652732849121e+00,1.993824124336242676e+00
7.398555427789688110e-02,8.077764511108398438e-02,8.125354003906250000e+02,8.194568481445312500e+02,1.974089860916137695e+00,1.990905761718750000e+00
7.443667948246002197e-02,8.127018809318542480e-02,8.126972045898437500e+02,8.180335693359375000e+02,1.974483013153076172e+00,1.987447857856750488e+00
7.488780468702316284e-02,8.176272362470626831e-02,8.100911254882812500e+02,8.163923950195312500e+02,1.968151450157165527e+00,1.983460545539855957e+00
7.533892989158630371e-02,8.225526660680770874e-02,8.077668457031250000e+02,8.145376586914062500e+02,1.962504506111145020e+00,1.978954434394836426e+00
7.579005509614944458e-02,8.274780213832855225e-02,8.078960571289062500e+02,8.124738159179687500e+02,1.962818384170532227e+00,1.973940253257751465e+00
7.624118030071258545e-02,8.324034512042999268e-02,8.031193847656250000e+02,8.102047119140625000e+02,1.951213240623474121e+00,1.968427300453186035e+00
7.669230550527572632e-02,8.373288065195083618e-02,8.018935546875000000e+02,8.077348632812500000e+02,1.948235034942626953e+00,1.962426781654357910e+00
7.714343070983886719e-02,8.422542363405227661e-02,7.987794799804687500e+02,8.050687255859375000e+02,1.940669298171997070e+00,1.955949306488037109e+00
7.759455591440200806e-02,8.471796661615371704e-02,7.951204833984375000e+02,8.022103271484375000e+02,1.931779623031616211e+00,1.949004650115966797e+00
7.804568111896514893e-02,8.521050214767456055e-02,7.947521362304687500e+02,7.991635742187500000e+02,1.930884599685668945e+00,1.941602468490600586e+00
7.849680632352828979e-02,8.570304512977600098e-02,7.887135620117187500e+02,7.959327392578125000e+02,1.916213631629943848e+00,1.933753013610839844e+00
7.894793152809143066e-02,8.619558066129684448e-02,7.862026367187500000e+02,7.925223999023437500e+02,1.910113334655761719e+00,1.925467371940612793e+00
7.939905673265457153e-02,8.668812364339828491e-02,7.826811523437500000e+02,7.889364624023437500e+02,1.901557683944702148e+00,1.916755199432373047e+00
7.985018193721771240e-02,8.718066662549972534e-02,7.778061523437500000e+02,7.851787109375000000e+02,1.889713644981384277e+00,1.907625555992126465e+00
8.030130714178085327e-02,8.767320215702056885e-02,7.764642944335937500e+02,7.812537841796875000e+02,1.886453509330749512e+00,1.898089885711669922e+00
8.075243234634399414e-02,8.816574513912200928e-02,7.698455810546875000e+02,7.771649780273437500e+02,1.870373129844665527e+00,1.888155937194824219e+00
8.120355755090713501e-02,8.865828067064285278e-02,7.661561279296875000e+02,7.729165649414062500e+02,1.861409425735473633e+00,1.877834200859069824e+00
8.165468275547027588e-02,8.915082365274429321e-02,7.623135986328125000e+02,7.685128173828125000e+02,1.852073788642883301e+00,1.867135047912597656e+00
8.210580796003341675e-02,8.964335918426513672e-02,7.563439331054687500e+02,7.639570922851562500e+02,1.837570309638977051e+00,1.856066823005676270e+00
8.255693316459655762e-02,9.013590216636657715e-02,7.538528442382812500e+02,7.592539672851562500e+02,1.831518054008483887e+00,1.844640374183654785e+00
8.300805836915969849e-02,9.062844514846801758e-02,7.470236206054687500e+02,7.544066162109375000e+02,1.814926147460937500e+00,1.832863450050354004e+00
8.345918357372283936e-02,9.112098067998886108e-02,7.422648925781250000e+02,7.494190063476562500e+02,1.803364634513854980e+00,1.820745825767517090e+00
8.391030877828598022e-02,9.161352366209030151e-02,7.381736450195312500e+02,7.442954101562500000e+02,1.793424725532531738e+00,1.808297872543334961e+00
8.436143398284912109e-02,9.210605919361114502e-02,7.312305297851562500e+02,7.390390625000000000e+02,1.776556134223937988e+00,1.795527338981628418e+00
8.481255918741226196e-02,9.259860217571258545e-02,7.276874389648437500e+02,7.336531982421875000e+02,1.767948031425476074e+00,1.782442092895507812e+00
8.526368439197540283e-02,9.309113770723342896e-02,7.207310180664062500e+02,7.281428222656250000e+02,1.751047134399414062e+00,1.769054412841796875e+00
8.571480959653854370e-02,9.358368068933486938e-02,7.150126342773437500e+02,7.225098876953125000e+02,1.737154126167297363e+00,1.755368947982788086e+00
8.616593480110168457e-02,9.407622367143630981e-02,7.107313842773437500e+02,7.167594604492187500e+02,1.726752638816833496e+00,1.741398096084594727e+00
8.661706000566482544e-02,9.456875920295715332e-02,7.029351806640625000e+02,7.108934326171875000e+02,1.707811355590820312e+00,1.727146267890930176e+00
8.706818521022796631e-02,9.506130218505859375e-02,6.984385986328125000e+02,7.049164428710937500e+02,1.696886777877807617e+00,1.712624907493591309e+00
8.751931041479110718e-02,9.555383771657943726e-02,6.914227905273437500e+02,6.988316650390625000e+02,1.679841518402099609e+00,1.697841763496398926e+00
8.797043561935424805e-02,9.604638069868087769e-02,6.848540039062500000e+02,6.926422119140625000e+02,1.663882374763488770e+00,1.682804226875305176e+00
8.842156082391738892e-02,9.653891623020172119e-02,6.804282836914062500e+02,6.863521728515625000e+02,1.653129935264587402e+00,1.667522311210632324e+00
8.887268602848052979e-02,9.703145921230316162e-02,6.718977661132812500e+02,6.799630737304687500e+02,1.632404685020446777e+00,1.651999711990356445e+00
8.932381123304367065e-02,9.752400219440460205e-02,6.665462036132812500e+02,6.734804077148437500e+02,1.619402766227722168e+00,1.636249780654907227e+00
8.977493643760681152e-02,9.801653772592544556e-02,6.595249023437500000e+02,6.669053344726562500e+02,1.602344274520874023e+00,1.620275378227233887e+00
9.022606164216995239e-02,9.850908070802688599e-02,6.522137451171875000e+02,6.602423706054687500e+02,1.584581494331359863e+00,1.604087352752685547e+00
9.067718684673309326e-02,9.900161623954772949e-02,6.476774902343750000e+02,6.534937744140625000e+02,1.573560476303100586e+00,1.587691307067871094e+00
9.112831205129623413e-02,9.949415922164916992e-02,6.385282592773437500e+02,6.466635131835937500e+02,1.551331996917724609e+00,1.571096897125244141e+00
9.157943725585937500e-02,9.998669475317001343e-02,6.324198608398437500e+02,6.397534790039062500e+02,1.536491394042968750e+00,1.554308772087097168e+00
9.203056246042251587e-02,1.004792377352714539e-01,6.254339599609375000e+02,6.327669677734375000e+02,1.519518852233886719e+00,1.537334680557250977e+00
9.248168766498565674e-02,1.009717807173728943e-01,6.174866943359375000e+02,6.257069091796875000e+02,1.500210642814636230e+00,1.520182013511657715e+00
9.293281286954879761e-02,1.014643162488937378e-01,6.125571899414062500e+02,6.185766601562500000e+02,1.488234162330627441e+00,1.502858757972717285e+00
9.338393807411193848e-02,1.019568592309951782e-01,6.032082519531250000e+02,6.113781738281250000e+02,1.465520501136779785e+00,1.485369682312011719e+00
9.383506327867507935e-02,1.024493947625160217e-01,5.964403076171875000e+02,6.041143188476562500e+02,1.449077486991882324e+00,1.467721819877624512e+00
9.428618848323822021e-02,1.029419377446174622e-01,5.895189819335937500e+02,5.967882080078125000e+02,1.432261824607849121e+00,1.449922680854797363e+00
9.473731368780136108e-02,1.034344807267189026e-01,5.810395507812500000e+02,5.894027099609375000e+02,1.411660671234130859e+00,1.431979298591613770e+00
9.518843889236450195e-02,1.039270162582397461e-01,5.754215087890625000e+02,5.819602050781250000e+02,1.398011445999145508e+00,1.413897514343261719e+00
9.563956409692764282e-02,1.044195592403411865e-01,5.662911987304687500e+02,5.744630126953125000e+02,1.375828981399536133e+00,1.395682692527770996e+00
9.609068930149078369e-02,1.049120947718620300e-01,5.589592285156250000e+02,5.669132690429687500e+02,1.358015656471252441e+00,1.377340316772460938e+00
9.654181450605392456e-02,1.054046377539634705e-01,5.521210937500000000e+02,5.593138427734375000e+02,1.341402053833007812e+00,1.358877182006835938e+00
9.699293971061706543e-02,1.058971732854843140e-01,5.432102661132812500e+02,5.516679687500000000e+02,1.319752812385559082e+00,1.340301156044006348e+00
9.744406491518020630e-02,1.063897162675857544e-01,5.369912719726562500e+02,5.439764404296875000e+02,1.304643511772155762e+00,1.321614265441894531e+00
9.789519011974334717e-02,1.068822592496871948e-01,5.281021728515625000e+02,5.362437744140625000e+02,1.283047080039978027e+00,1.302827477455139160e+00
9.834631532430648804e-02,1.073747947812080383e-01,5.202991943359375000e+02,5.284702148437500000e+02,1.264089345932006836e+00,1.283941268920898438e+00
9.879744052886962891e-02,1.078673377633094788e-01,5.135529785156250000e+02,5.206588134765625000e+02,1.247699141502380371e+00,1.264963030815124512e+00
9.924856573343276978e-02,1.083598732948303223e-01,5.043080749511718750e+02,5.128114624023437500e+02,1.225238204002380371e+00,1.245897650718688965e+00
9.969969093799591064e-02,1.088524162769317627e-01,4.975737304687500000e+02,5.049306030273437500e+02,1.208876848220825195e+00,1.226750731468200684e+00
1.001508161425590515e-01,1.093449518084526062e-01,4.889372863769531250e+02,4.970186157226562500e+02,1.187894225120544434e+00,1.207528233528137207e+00
1.006019413471221924e-01,1.098374947905540466e-01,4.807531738281250000e+02,4.890767517089843750e+02,1.168010592460632324e+00,1.188233137130737305e+00
1.010530665516853333e-01,1.103300377726554871e-01,4.740984497070312500e+02,4.811077575683593750e+02,1.151842713356018066e+00,1.168872117996215820e+00
1.015041992068290710e-01,1.108225807547569275e-01,4.646119384765625000e+02,4.731134948730468750e+02,1.128794789314270020e+00,1.149449706077575684e+00
1.019553244113922119e-01,1.113151237368583679e-01,4.574453125000000000e+02,4.650959777832031250e+02,1.111383199691772461e+00,1.129970788955688477e+00
1.024064496159553528e-01,1.118076592683792114e-01,4.490629272460937500e+02,4.570562744140625000e+02,1.091017842292785645e+00,1.110437989234924316e+00
1.028575748205184937e-01,1.123002022504806519e-01,4.405837097167968750e+02,4.489971618652343750e+02,1.070417165756225586e+00,1.090857982635498047e+00
1.033087000250816345e-01,1.127927452325820923e-01,4.340119018554687500e+02,4.409199523925781250e+02,1.054450631141662598e+00,1.071234107017517090e+00
1.037598252296447754e-01,1.132852807641029358e-01,4.243718261718750000e+02,4.328276062011718750e+02,1.031029701232910156e+00,1.051573395729064941e+00
1.042109504342079163e-01,1.137778237462043762e-01,4.168524475097656250e+02,4.247207946777343750e+02,1.012760996818542480e+00,1.031877517700195312e+00
1.046620756387710571e-01,1.142703592777252197e-01,4.087164306640625000e+02,4.166007080078125000e+02,9.929942488670349121e-01,1.012149453163146973e+00
1.051132008433341980e-01,1.147629022598266602e-01,4.000240478515625000e+02,4.084707336425781250e+02,9.718757271766662598e-01,9.923973083496093750e-01
1.055643260478973389e-01,1.152554377913475037e-01,3.934126892089843750e+02,4.003294982910156250e+02,9.558131098747253418e-01,9.726178050041198730e-01
1.060154512524604797e-01,1.157479807734489441e-01,3.838084106445312500e+02,3.921821289062500000e+02,9.324791431427001953e-01,9.528234004974365234e-01
1.064665764570236206e-01,1.162405237555503845e-01,3.760127868652343750e+02,3.840278320312500000e+02,9.135392904281616211e-01,9.330121874809265137e-01
1.069177016615867615e-01,1.167330592870712280e-01,3.681077270507812500e+02,3.758698425292968750e+02,8.943336009979248047e-01,9.131920337677001953e-01
1.073688268661499023e-01,1.172256022691726685e-01,3.592798461914062500e+02,3.677084350585937500e+02,8.728858828544616699e-01,8.933635354042053223e-01
1.078199520707130432e-01,1.177181378006935120e-01,3.523264770507812500e+02,3.595447082519531250e+02,8.559923768043518066e-01,8.735294342041015625e-01
1.082710772752761841e-01,1.182106807827949524e-01,3.431168518066406250e+02,3.513810424804687500e+02,8.336172103881835938e-01,8.536954522132873535e-01
1.087222024798393250e-01,1.187032163143157959e-01,3.351183471679687500e+02,3.432184753417968750e+02,8.141844868659973145e-01,8.338640928268432617e-01
1.091733276844024658e-01,1.191957592964172363e-01,3.274224853515625000e+02,3.350585632324218750e+02,7.954870462417602539e-01,8.140392303466796875e-01
1.096244528889656067e-01,1.196883022785186768e-01,3.185332336425781250e+02,3.269022827148437500e+02,7.738902568817138672e-01,7.942232489585876465e-01
1.100755780935287476e-01,1.201808378100395203e-01,3.113070373535156250e+02,3.187503662109375000e+02,7.563338875770568848e-01,7.744178175926208496e-01
1.105267032980918884e-01,1.206733807921409607e-01,3.024702148437500000e+02,3.106058959960937500e+02,7.348644733428955078e-01,7.546304464340209961e-01
1.109778285026550293e-01,1.211659163236618042e-01,2.943391113281250000e+02,3.024681701660156250e+02,7.151095867156982422e-01,7.348594665527343750e-01
1.114289537072181702e-01,1.216584593057632446e-01,2.868254699707031250e+02,2.943393554687500000e+02,6.968548893928527832e-01,7.151101827621459961e-01
1.118800789117813110e-01,1.221509948372840881e-01,2.779455261230468750e+02,2.862201843261718750e+02,6.752806901931762695e-01,6.953843235969543457e-01
1.123312041163444519e-01,1.226435378193855286e-01,2.705136413574218750e+02,2.781121215820312500e+02,6.572245955467224121e-01,6.756854057312011719e-01
1.127823293209075928e-01,1.231360808014869690e-01,2.620224304199218750e+02,2.700157470703125000e+02,6.365948319435119629e-01,6.560149192810058594e-01
1.132334545254707336e-01,1.236286163330078125e-01,2.538263549804687500e+02,2.619324340820312500e+02,6.166821122169494629e-01,6.363761425018310547e-01
1.136845797300338745e-01,1.241211593151092529e-01,2.464640655517578125e+02,2.538641967773437500e+02,5.987951159477233887e-01,6.167740225791931152e-01
1.141357049345970154e-01,1.246136948466300964e-01,2.376605072021484375e+02,2.458093719482421875e+02,5.774064660072326660e-01,5.972045063972473145e-01
1.145868301391601562e-01,1.251062303781509399e-01,2.300877227783203125e+02,2.377722320556640625e+02,5.590080618858337402e-01,5.776779055595397949e-01
1.150379553437232971e-01,1.255987733602523804e-01,2.219101715087890625e+02,2.297517852783203125e+02,5.391403436660766602e-01,5.581918954849243164e-01
1.154890805482864380e-01,1.260913163423538208e-01,2.137139282226562500e+02,2.217483978271484375e+02,5.192272067070007324e-01,5.387473106384277344e-01
1.159402057528495789e-01,1.265838593244552612e-01,2.064687805175781250e+02,2.137655639648437500e+02,5.016248226165771484e-01,5.193526744842529297e-01
1.163913309574127197e-01,1.270764023065567017e-01,1.978052062988281250e+02,2.058021850585937500e+02,4.805763065814971924e-01,5.000053048133850098e-01
1.168424561619758606e-01,1.275689303874969482e-01,1.901537780761718750e+02,1.978593597412109375e+02,4.619868099689483643e-01,4.807078540325164795e-01
1.172935813665390015e-01,1.280614733695983887e-01,1.822539520263671875e+02,1.899366607666015625e+02,4.427938461303710938e-01,4.614593386650085449e-01
1.177447065711021423e-01,1.285540163516998291e-01,1.741188812255859375e+02,1.820374298095703125e+02,4.230293333530426025e-01,4.422678053379058838e-01
1.181958317756652832e-01,1.290465593338012695e-01,1.669490814208984375e+02,1.741612243652343750e+02,4.056099951267242432e-01,4.231322109699249268e-01
1.186469569802284241e-01,1.295391023159027100e-01,1.584895172119140625e+02,1.663074645996093750e+02,3.850571215152740479e-01,4.040511846542358398e-01
1.190980821847915649e-01,1.300316303968429565e-01,1.508187103271484375e+02,1.584803161621093750e+02,3.664205670356750488e-01,3.850347697734832764e-01
1.195492073893547058e-01,1.305241733789443970e-01,1.431571044921875000e+02,1.506760406494140625e+02,3.478063642978668213e-01,3.660739660263061523e-01
1.200003325939178467e-01,1.310167163610458374e-01,1.351412200927734375e+02,1.429002532958984375e+02,3.283314406871795654e-01,3.471823334693908691e-01
1.204514577984809875e-01,1.315092593431472778e-01,1.278699569702148438e+02,1.351492614746093750e+02,3.106655776500701904e-01,3.283509612083435059e-01
1.209025830030441284e-01,1.320018023252487183e-01,1.198065872192382812e+02,1.274254608154296875e+02,2.910752892494201660e-01,3.095856606960296631e-01
1.213537082076072693e-01,1.324943304061889648e-01,1.121723022460937500e+02,1.197305755615234375e+02,2.725274562835693359e-01,2.908906042575836182e-01
1.218048334121704102e-01,1.329868733882904053e-01,1.047058181762695312e+02,1.120623092651367188e+02,2.543873190879821777e-01,2.722602188587188721e-01
1.222559586167335510e-01,1.334794163703918457e-01,9.686390686035156250e+01,1.044238128662109375e+02,2.353350520133972168e-01,2.537021636962890625e-01
1.227070838212966919e-01,1.339719593524932861e-01,8.954472351074218750e+01,9.681596374511718750e+01,2.175527811050415039e-01,2.352185696363449097e-01
1.231582090258598328e-01,1.344644874334335327e-01,8.183330535888671875e+01,8.923715972900390625e+01,1.988175511360168457e-01,2.168055325746536255e-01
1.236093342304229736e-01,1.349570304155349731e-01,7.428874969482421875e+01,8.168898010253906250e+01,1.804877221584320068e-01,1.984669119119644165e-01
1.240604594349861145e-01,1.354495733976364136e-01,6.697110748291015625e+01,7.417137145996093750e+01,1.627092063426971436e-01,1.802025586366653442e-01
1.245115846395492554e-01,1.359421163797378540e-01,5.935668182373046875e+01,6.668666839599609375e+01,1.442096233367919922e-01,1.620181351900100708e-01
1.249627098441123962e-01,1.364346593618392944e-01,5.203937530517578125e+01,5.923162841796875000e+01,1.264319121837615967e-01,1.439058035612106323e-01
1.254138350486755371e-01,1.369271874427795410e-01,4.463554000854492188e+01,5.181168365478515625e+01,1.084439754486083984e-01,1.258787214756011963e-01
1.258649677038192749e-01,1.374197453260421753e-01,3.723465347290039062e+01,4.442354202270507812e+01,9.046319872140884399e-02,1.079289168119430542e-01
1.263160854578018188e-01,1.379122734069824219e-01,3.001446151733398438e+01,3.706947326660156250e+01,7.292143255472183228e-02,9.006188809871673584e-02
1.267672181129455566e-01,1.384048163890838623e-01,2.269804954528808594e+01,2.974773979187011719e+01,5.514589324593544006e-02,7.227341830730438232e-02
1.272183358669281006e-01,1.388973593711853027e-01,1.543369007110595703e+01,2.246053504943847656e+01,3.749681636691093445e-02,5.456884205341339111e-02
1.276694685220718384e-01,1.393899023532867432e-01,8.357897758483886719e+00,1.520767688751220703e+01,2.030587382614612579e-02,3.694770857691764832e-02
1.281205862760543823e-01,1.398824304342269897e-01,1.950455784797668457e+00,7.989747047424316406e+00,4.738716408610343933e-03,1.941143535077571869e-02
1.285717189311981201e-01,1.403749734163284302e-01,6.244120121002197266e+00,8.073146343231201172e-01,1.517035998404026031e-02,1.961405854672193527e-03
1.290228366851806641e-01,1.408675163984298706e-01,1.332406711578369141e+01,6.338280200958251953e+00,3.237139806151390076e-02,1.539912540465593338e-02
1.294739693403244019e-01,1.413600593805313110e-01,2.041019630432128906e+01,1.345121574401855469e+01,4.958745464682579041e-02,3.268031030893325806e-02
1.299250870943069458e-01,1.418525874614715576e-01,2.736332702636718750e+01,2.052547264099121094e+01,6.648038327693939209e-02,4.986752197146415710e-02
1.303762197494506836e-01,1.423451453447341919e-01,3.436385345458984375e+01,2.756448745727539062e+01,8.348846435546875000e-02,6.696911156177520752e-02
1.308273375034332275e-01,1.428376734256744385e-01,4.147461700439453125e+01,3.456774902343750000e+01,1.007643714547157288e-01,8.398383855819702148e-02
1.312784701585769653e-01,1.433302164077758789e-01,4.818582153320312500e+01,4.153319931030273438e+01,1.170695349574089050e-01,1.009066998958587646e-01
1.317295879125595093e-01,1.438227444887161255e-01,5.518289566040039062e+01,4.846199035644531250e+01,1.340692341327667236e-01,1.177404969930648804e-01
1.321807205677032471e-01,1.443153023719787598e-01,6.198535919189453125e+01,5.535366821289062500e+01,1.505961120128631592e-01,1.344841271638870239e-01
1.326318383216857910e-01,1.448078304529190063e-01,6.872035217285156250e+01,6.220777893066406250e+01,1.669590622186660767e-01,1.511364877223968506e-01
1.330829709768295288e-01,1.453003734350204468e-01,7.578736114501953125e+01,6.902314758300781250e+01,1.841286718845367432e-01,1.676947176456451416e-01
1.335340887308120728e-01,1.457929164171218872e-01,8.219298553466796875e+01,7.580167388916015625e+01,1.996914148330688477e-01,1.841634362936019897e-01
1.339852213859558105e-01,1.462854593992233276e-01,8.901060485839843750e+01,8.254225921630859375e+01,2.162551134824752808e-01,2.005399912595748901e-01
1.344363391399383545e-01,1.467779874801635742e-01,9.570674896240234375e+01,8.924365234375000000e+01,2.325236797332763672e-01,2.168213129043579102e-01
1.348874717950820923e-01,1.472705304622650146e-01,1.021337127685546875e+02,9.590633392333984375e+01,2.481382638216018677e-01,2.330085784196853638e-01
1.353385895490646362e-01,1.477630734443664551e-01,1.091012725830078125e+02,1.025315017700195312e+02,2.650662660598754883e-01,2.491047084331512451e-01
1.357897222042083740e-01,1.482556164264678955e-01,1.152602920532226562e+02,1.091187896728515625e+02,2.800298631191253662e-01,2.651088237762451172e-01
1.362408399581909180e-01,1.487481445074081421e-01,1.218536300659179688e+02,1.156671295166015625e+02,2.960486710071563721e-01,2.810182869434356689e-01
1.366919726133346558e-01,1.492407023906707764e-01,1.284929351806640625e+02,1.221746063232421875e+02,3.121791481971740723e-01,2.968284785747528076e-01
1.371430903673171997e-01,1.497332304716110229e-01,1.345746154785156250e+02,1.286455993652343750e+02,3.269548416137695312e-01,3.125500380992889404e-01
1.375942230224609375e-01,1.502257734537124634e-01,1.413994903564453125e+02,1.350751647949218750e+02,3.435361683368682861e-01,3.281709551811218262e-01
1.380453407764434814e-01,1.507183015346527100e-01,1.473661956787109375e+02,1.414668731689453125e+02,3.580325543880462646e-01,3.436998724937438965e-01
1.384964734315872192e-01,1.512108594179153442e-01,1.536971130371093750e+02,1.478189086914062500e+02,3.734137713909149170e-01,3.591324388980865479e-01
1.389475911855697632e-01,1.517033874988555908e-01,1.603282165527343750e+02,1.541318054199218750e+02,3.895243406295776367e-01,3.744698762893676758e-01
1.393987238407135010e-01,1.521959304809570312e-01,1.660316772460937500e+02,1.604052734375000000e+02,4.033811390399932861e-01,3.897115290164947510e-01
1.398498415946960449e-01,1.526884734630584717e-01,1.726744995117187500e+02,1.666390991210937500e+02,4.195201694965362549e-01,4.048568904399871826e-01
1.403009742498397827e-01,1.531810164451599121e-01,1.785030212402343750e+02,1.728337860107421875e+02,4.336808025836944580e-01,4.199071526527404785e-01
1.407520920038223267e-01,1.536735445261001587e-01,1.845362396240234375e+02,1.789891662597656250e+02,4.483387768268585205e-01,4.348619282245635986e-01
1.412032246589660645e-01,1.541661024093627930e-01,1.912080230712890625e+02,1.851042327880859375e+02,4.645481407642364502e-01,4.497187435626983643e-01
1.416543424129486084e-01,1.546586304903030396e-01,1.965023803710937500e+02,1.911810302734375000e+02,4.774110317230224609e-01,4.644825756549835205e-01
1.421054750680923462e-01,1.551511734724044800e-01,2.029276123046875000e+02,1.972171325683593750e+02,4.930213987827301025e-01,4.791475534439086914e-01
1.425565928220748901e-01,1.556437015533447266e-01,2.086705169677734375e+02,2.032146301269531250e+02,5.069740414619445801e-01,4.937187135219573975e-01
1.430077254772186279e-01,1.561362594366073608e-01,2.143744506835937500e+02,2.091718139648437500e+02,5.208320021629333496e-01,5.081919431686401367e-01
1.434588432312011719e-01,1.566287875175476074e-01,2.211343841552734375e+02,2.150892333984375000e+02,5.372555255889892578e-01,5.225685834884643555e-01
1.439099758863449097e-01,1.571213304996490479e-01,2.259920654296875000e+02,2.209675445556640625e+02,5.490574836730957031e-01,5.368502140045166016e-01
1.443610936403274536e-01,1.576138585805892944e-01,2.321658782958984375e+02,2.268050689697265625e+02,5.640570521354675293e-01,5.510327219963073730e-01
1.448122262954711914e-01,1.581064164638519287e-01,2.378754119873046875e+02,2.326054229736328125e+02,5.779286026954650879e-01,5.651249289512634277e-01
1.452633440494537354e-01,1.585989445447921753e-01,2.432200317382812500e+02,2.383638916015625000e+02,5.909135937690734863e-01,5.791153907775878906e-01
1.457144767045974731e-01,1.590914875268936157e-01,2.499233093261718750e+02,2.440842437744140625e+02,6.071994900703430176e-01,5.930132269859313965e-01
1.461655944585800171e-01,1.595840305089950562e-01,2.545099334716796875e+02,2.497655181884765625e+02,6.183428764343261719e-01,6.068161129951477051e-01
1.466167271137237549e-01,1.600765734910964966e-01,2.604014892578125000e+02,2.554060516357421875e+02,6.326566934585571289e-01,6.205200552940368652e-01
1.470678448677062988e-01,1.605691015720367432e-01,2.661274414062500000e+02,2.610102844238281250e+02,6.465681195259094238e-01,6.341357827186584473e-01
1.475189775228500366e-01,1.610616594552993774e-01,2.710852050781250000e+02,2.665721435546875000e+02,6.586132049560546875e-01,6.476485133171081543e-01
1.479701101779937744e-01,1.615542024374008179e-01,2.775810546875000000e+02,2.720967407226562500e+02,6.743951439857482910e-01,6.610707640647888184e-01
1.484212279319763184e-01,1.620467305183410645e-01,2.820675354003906250e+02,2.775817565917968750e+02,6.852952837944030762e-01,6.743968725204467773e-01
1.488723605871200562e-01,1.625392735004425049e-01,2.876466369628906250e+02,2.830270996093750000e+02,6.988499164581298828e-01,6.876265406608581543e-01
1.493234783411026001e-01,1.630318164825439453e-01,2.934371337890625000e+02,2.884341125488281250e+02,7.129182219505310059e-01,7.007631659507751465e-01
1.497746109962463379e-01,1.635243594646453857e-01,2.979813232421875000e+02,2.938028259277343750e+02,7.239584922790527344e-01,7.138066887855529785e-01
1.502257287502288818e-01,1.640168875455856323e-01,3.042375183105468750e+02,2.991316528320312500e+02,7.391582131385803223e-01,7.267532944679260254e-01
1.506768614053726196e-01,1.645094454288482666e-01,3.086755371093750000e+02,3.044219665527343750e+02,7.499405741691589355e-01,7.396063208580017090e-01
1.511279791593551636e-01,1.650019735097885132e-01,3.139132995605468750e+02,3.096745605468750000e+02,7.626659274101257324e-01,7.523677349090576172e-01
1.515791118144989014e-01,1.654945164918899536e-01,3.198145751953125000e+02,3.148885192871093750e+02,7.770033478736877441e-01,7.650352716445922852e-01
1.520302295684814453e-01,1.659870445728302002e-01,3.239201965332031250e+02,3.200639038085937500e+02,7.869781255722045898e-01,7.776091098785400391e-01
1.524813622236251831e-01,1.664796024560928345e-01,3.299067993164062500e+02,3.251997985839843750e+02,8.015228509902954102e-01,7.900869846343994141e-01
1.529324799776077271e-01,1.669721305370330811e-01,3.343454895019531250e+02,3.302985229492187500e+02,8.123068213462829590e-01,8.024745583534240723e-01
1.533836126327514648e-01,1.674646735191345215e-01,3.392153625488281250e+02,3.353599548339843750e+02,8.241384029388427734e-01,8.147714734077453613e-01
1.538347303867340088e-01,1.679572165012359619e-01,3.452710876464843750e+02,3.403840637207031250e+02,8.388510346412658691e-01,8.269777894020080566e-01
1.542858630418777466e-01,1.684497594833374023e-01,3.489152221679687500e+02,3.453680114746093750e+02,8.477045893669128418e-01,8.390865325927734375e-01
1.547369807958602905e-01,1.689422875642776489e-01,3.546031799316406250e+02,3.503159790039062500e+02,8.615237474441528320e-01,8.511078357696533203e-01
1.551881134510040283e-01,1.694348305463790894e-01,3.590908203125000000e+02,3.552252197265625000e+02,8.724266886711120605e-01,8.630350232124328613e-01
1.556392312049865723e-01,1.699273735284805298e-01,3.635675964355468750e+02,3.600970764160156250e+02,8.833031654357910156e-01,8.748714327812194824e-01
1.560903638601303101e-01,1.704199165105819702e-01,3.698206787109375000e+02,3.649329528808593750e+02,8.984953165054321289e-01,8.866204023361206055e-01
1.565414816141128540e-01,1.709124445915222168e-01,3.729821472167968750e+02,3.697308654785156250e+02,9.061762690544128418e-01,8.982771039009094238e-01
1.569926142692565918e-01,1.714050024747848511e-01,3.783453369140625000e+02,3.744927368164062500e+02,9.192063212394714355e-01,9.098463058471679688e-01
1.574437320232391357e-01,1.718975305557250977e-01,3.829284057617187500e+02,3.792172546386718750e+02,9.303411245346069336e-01,9.213247299194335938e-01
1.578948646783828735e-01,1.723900735378265381e-01,3.869898681640625000e+02,3.839037475585937500e+02,9.402086138725280762e-01,9.327107667922973633e-01
1.583459824323654175e-01,1.728826016187667847e-01,3.932890014648437500e+02,3.885543212890625000e+02,9.555126428604125977e-01,9.440095424652099609e-01
1.587971150875091553e-01,1.733751595020294189e-01,3.961421508789062500e+02,3.931690673828125000e+02,9.624444842338562012e-01,9.552212357521057129e-01
1.592482328414916992e-01,1.738676875829696655e-01,4.011562500000000000e+02,3.977478942871093750e+02,9.746264219284057617e-01,9.663456678390502930e-01
1.596993654966354370e-01,1.743602305650711060e-01,4.058804931640625000e+02,4.022894287109375000e+02,9.861041903495788574e-01,9.773795604705810547e-01
1.601504832506179810e-01,1.748527735471725464e-01,4.095061035156250000e+02,4.067965087890625000e+02,9.949127435684204102e-01,9.883297085762023926e-01
1.606016159057617188e-01,1.753453165292739868e-01,4.155221252441406250e+02,4.112665100097656250e+02,1.009528994560241699e+00,9.991897344589233398e-01
1.610527336597442627e-01,1.758378446102142334e-01,4.184197387695312500e+02,4.157007446289062500e+02,1.016568779945373535e+00,1.009962916374206543e+00
1.615038663148880005e-01,1.763304024934768677e-01,4.230630187988281250e+02,4.201005249023437500e+02,1.027849912643432617e+00,1.020652413368225098e+00
1.619549840688705444e-01,1.768229305744171143e-01,4.279719848632812500e+02,4.244640197753906250e+02,1.039776444435119629e+00,1.031253695487976074e+00
1.624061167240142822e-01,1.773154735565185547e-01,4.311436462402343750e+02,4.287926330566406250e+02,1.047482132911682129e+00,1.041770219802856445e+00
1.628572344779968262e-01,1.778080016374588013e-01,4.368521728515625000e+02,4.330856018066406250e+02,1.061351180076599121e+00,1.052200198173522949e+00
1.633083671331405640e-01,1.783005595207214355e-01,4.398419494628906250e+02,4.373443908691406250e+02,1.068615078926086426e+00,1.062547087669372559e+00
1.637594848871231079e-01,1.787930876016616821e-01,4.440933532714843750e+02,4.415690612792968750e+02,1.078943967819213867e+00,1.072811126708984375e+00
1.642106175422668457e-01,1.792856305837631226e-01,4.492292480468750000e+02,4.457582702636718750e+02,1.091421842575073242e+00,1.082988977432250977e+00
1.646617352962493896e-01,1.797781586647033691e-01,4.519294433593750000e+02,4.499135131835937500e+02,1.097982168197631836e+00,1.093084335327148438e+00
1.651128679513931274e-01,1.802707165479660034e-01,4.573080139160156250e+02,4.540347595214843750e+02,1.111049532890319824e+00,1.103097081184387207e+00
1.655639857053756714e-01,1.807632446289062500e-01,4.604348144531250000e+02,4.581221008300781250e+02,1.118646264076232910e+00,1.113027453422546387e+00
1.660151183605194092e-01,1.812557876110076904e-01,4.642752380371093750e+02,4.621743774414062500e+02,1.127976775169372559e+00,1.122872591018676758e+00
1.664662361145019531e-01,1.817483305931091309e-01,4.696770019531250000e+02,4.661935424804687500e+02,1.141100525856018066e+00,1.132637381553649902e+00
1.669173687696456909e-01,1.822408735752105713e-01,4.718896789550781250e+02,4.701802978515625000e+02,1.146476387977600098e+00,1.142323374748229980e+00
1.673684865236282349e-01,1.827334016561508179e-01,4.769161376953125000e+02,4.741320800781250000e+02,1.158688306808471680e+00,1.151924371719360352e+00
1.678196191787719727e-01,1.832259595394134521e-01,4.802224121093750000e+02,4.780522460937500000e+02,1.166721105575561523e+00,1.161448597908020020e+00
1.682707369327545166e-01,1.837184876203536987e-01,4.836327514648437500e+02,4.819376831054687500e+02,1.175006628036499023e+00,1.170888423919677734e+00
1.687218695878982544e-01,1.842110306024551392e-01,4.893371887207031250e+02,4.857922668457031250e+02,1.188865900039672852e+00,1.180253267288208008e+00
1.691729873418807983e-01,1.847035586833953857e-01,4.910467224121093750e+02,4.896135559082031250e+02,1.193019270896911621e+00,1.189537286758422852e+00
1.696241199970245361e-01,1.851961165666580200e-01,4.957002868652343750e+02,4.934015808105468750e+02,1.204325318336486816e+00,1.198740482330322266e+00
1.700752377510070801e-01,1.856886446475982666e-01,4.992256774902343750e+02,4.971589965820312500e+02,1.212890386581420898e+00,1.207869291305541992e+00
1.705263704061508179e-01,1.861811876296997070e-01,5.021882934570312500e+02,5.008833923339843750e+02,1.220088124275207520e+00,1.216917872428894043e+00
1.709774881601333618e-01,1.866737306118011475e-01,5.081246032714843750e+02,5.045748901367187500e+02,1.234510660171508789e+00,1.225886464118957520e+00
1.714286208152770996e-01,1.871662735939025879e-01,5.094217834472656250e+02,5.082358703613281250e+02,1.237662196159362793e+00,1.234781026840209961e+00
1.718797385692596436e-01,1.876588016748428345e-01,5.136823120117187500e+02,5.118647460937500000e+02,1.248013377189636230e+00,1.243597507476806641e+00
1.723308712244033813e-01,1.881513446569442749e-01,5.174650878906250000e+02,5.154633789062500000e+02,1.257203817367553711e+00,1.252340555191040039e+00
1.727819889783859253e-01,1.886438876390457153e-01,5.199635009765625000e+02,5.190294189453125000e+02,1.263273835182189941e+00,1.261004447937011719e+00
1.732331216335296631e-01,1.891364306211471558e-01,5.255615844726562500e+02,5.225648193359375000e+02,1.276874542236328125e+00,1.269593834877014160e+00
1.736842393875122070e-01,1.896289587020874023e-01,5.270364990234375000e+02,5.260703125000000000e+02,1.280457973480224609e+00,1.278110504150390625e+00
1.741353720426559448e-01,1.901215165853500366e-01,5.308862304687500000e+02,5.295446777343750000e+02,1.289811015129089355e+00,1.286551713943481445e+00
1.745864897966384888e-01,1.906140446662902832e-01,5.349624023437500000e+02,5.329881591796875000e+02,1.299714326858520508e+00,1.294917821884155273e+00
1.750376224517822266e-01,1.911065876483917236e-01,5.369822998046875000e+02,5.364024047851562500e+02,1.304621696472167969e+00,1.303212761878967285e+00
1.754887402057647705e-01,1.915991157293319702e-01,5.422221069335937500e+02,5.397841796875000000e+02,1.317352056503295898e+00,1.311429023742675781e+00
1.759398728609085083e-01,1.920916736125946045e-01,5.439150390625000000e+02,5.431382446289062500e+02,1.321465134620666504e+00,1.319577813148498535e+00
1.763909906148910522e-01,1.925842016935348511e-01,5.473375244140625000e+02,5.464623413085937500e+02,1.329780220985412598e+00,1.327653884887695312e+00
1.768421232700347900e-01,1.930767446756362915e-01,5.517424316406250000e+02,5.497553710937500000e+02,1.340482115745544434e+00,1.335654377937316895e+00
1.772932410240173340e-01,1.935692876577377319e-01,5.532709960937500000e+02,5.530209960937500000e+02,1.344195842742919922e+00,1.343588352203369141e+00
1.777443736791610718e-01,1.940618306398391724e-01,5.581350097656250000e+02,5.562580566406250000e+02,1.356013178825378418e+00,1.351452946662902832e+00
1.781954914331436157e-01,1.945543587207794189e-01,5.600845947265625000e+02,5.594631958007812500e+02,1.360749721527099609e+00,1.359240055084228516e+00
1.786466240882873535e-01,1.950469017028808594e-01,5.630657348632812500e+02,5.626400756835937500e+02,1.367992520332336426e+00,1.366958379745483398e+00
1.790977567434310913e-01,1.955394595861434937e-01,5.678328857421875000e+02,5.657899780273437500e+02,1.379574537277221680e+00,1.374611258506774902e+00
1.795488744974136353e-01,1.960319876670837402e-01,5.688591918945312500e+02,5.689105834960937500e+02,1.382068037986755371e+00,1.382192850112915039e+00
1.800000071525573730e-01,1.965245306491851807e-01,5.733313598632812500e+02,5.720031738281250000e+02,1.392933368682861328e+00,1.389706373214721680e+00
