host,job_id,N,ordering,sigma_max_s_inv,mode,ranks,pressureRelL2_cell_centres,baselineDifference,seconds,max_relative_residual
WSL,,8000,forward,500000,baseline,1,0.0011632827485215543,0.0,0.7160908839432523,
WSL,,8000,forward,500000,baseline,4,0.001163282748995951,1.0305171095254778e-12,0.8573025428922847,
WSL,,8000,forward,500000,submission,1,0.0011632827485215543,0.0,0.5154335459228605,2.136264889846141e-11
WSL,,8000,forward,500000,submission,4,0.001163282748995951,1.0305171095254778e-12,0.8022555380593985,1.596624200385371e-12
WSL,,8000,reverse,500000,baseline,1,0.004430323508787522,0.0,0.4649186049355194,
WSL,,8000,reverse,500000,baseline,4,0.00443032350964068,9.126936018473428e-13,0.8020166759379208,
WSL,,8000,reverse,500000,submission,1,0.004430323508787522,0.0,0.5151501470245421,8.745145764103397e-12
WSL,,8000,reverse,500000,submission,4,0.00443032350964068,9.126936018473428e-13,0.8022402249043807,8.822297279173497e-12
WSL,,560,forward,500000,baseline,1,0.019601605354406672,0.0,0.41493443702347577,
WSL,,560,forward,500000,baseline,4,0.0196016053544067,2.625080129615902e-15,0.5510276430286467,
WSL,,560,forward,500000,submission,1,0.019601605354406672,0.0,0.4150859200162813,2.3636075704073505e-14
WSL,,560,forward,500000,submission,4,0.0196016053544067,2.625080129615902e-15,0.5524840010330081,2.4262089767172527e-14
WSL,,1120,forward,500000,baseline,1,0.00498223774061835,0.0,0.41506454802583903,
WSL,,1120,forward,500000,baseline,4,0.0049822377406148035,3.5495639886328295e-14,0.5512842469615862,
WSL,,1120,forward,500000,submission,1,0.00498223774061835,0.0,0.4154508499195799,6.707505102289573e-14
WSL,,1120,forward,500000,submission,4,0.0049822377406148035,3.5495639886328295e-14,0.5516906939446926,6.478152285942437e-14
WSL,,2240,forward,500000,baseline,1,0.0012526696977797872,0.0,0.4151707630371675,
WSL,,2240,forward,500000,baseline,4,0.0012526696977344972,2.58978203105692e-13,0.6024102870142087,
WSL,,2240,forward,500000,submission,1,0.0012526696977797872,0.0,0.41813813999760896,1.8906223885052556e-13
WSL,,2240,forward,500000,submission,4,0.0012526696977344972,2.58978203105692e-13,0.6043630560161546,1.924594418022485e-13
WSL,,4480,forward,500000,baseline,1,0.0003136420493791267,0.0,0.41728779999539256,
WSL,,4480,forward,500000,baseline,4,0.00031364204945058663,4.912121208248518e-13,0.6552998339757323,
WSL,,4480,forward,500000,submission,1,0.0003136420493791267,0.0,0.4679473330033943,5.162742907455117e-13
WSL,,4480,forward,500000,submission,4,0.00031364204945058663,4.912121208248518e-13,0.655672442051582,5.135370042094565e-13
WSL,,8960,forward,500000,baseline,1,7.844123319378297e-05,0.0,0.5174490410136059,
WSL,,8960,forward,500000,baseline,4,7.84412336759121e-05,1.8488824257906993e-12,0.8552127779694274,
WSL,,8960,forward,500000,submission,1,7.844123319378297e-05,0.0,0.5171608219388872,1.6653794718403017e-12
WSL,,8960,forward,500000,submission,4,7.84412336759121e-05,1.8488824257906993e-12,0.8545307610183954,1.680491684685703e-12
WSL,,8000,forward,10000,baseline,1,0.5188700250145775,0.0,0.5164437119383365,
WSL,,8000,forward,10000,baseline,4,0.5188700250143434,8.620663876481504e-13,0.7520147080067545,
WSL,,8000,forward,10000,submission,1,0.5188700250145775,0.0,0.5151709360070527,1.7611714930347363e-12
WSL,,8000,forward,10000,submission,4,0.5188700250143434,8.620663876481504e-13,0.752145532052964,1.6718461703092588e-11
Lichtenberg,54506190,8000,forward,500000,baseline,1,0.0011632827485215543,0.0,0.8683079320471734,
Lichtenberg,54506190,8000,forward,500000,baseline,8,0.001163282749129096,8.46527076288557e-13,1.5804827640531585,
Lichtenberg,54506190,8000,forward,500000,submission,1,0.0011632827485215543,0.0,1.0706928509753197,2.136264889846141e-11
Lichtenberg,54506190,8000,forward,500000,submission,8,0.001163282749129096,8.46527076288557e-13,2.8545911479741335,1.2332496304812446e-11
Lichtenberg,54506190,8000,reverse,500000,baseline,1,0.004430323508787522,0.0,0.7700953830499202,
Lichtenberg,54506190,8000,reverse,500000,baseline,8,0.004430323508661434,8.189758209208818e-13,1.3701647970592603,
Lichtenberg,54506190,8000,reverse,500000,submission,1,0.004430323508787522,0.0,0.6173164149513468,8.745145764103397e-12
Lichtenberg,54506190,8000,reverse,500000,submission,8,0.004430323508661434,8.189758209208818e-13,1.3668503740336746,8.674597492568733e-12
Lichtenberg,54506190,560,forward,500000,baseline,1,0.01960160535440667,0.0,0.41700979392044246,
Lichtenberg,54506190,560,forward,500000,baseline,8,0.019601605354405846,7.334482546466166e-15,1.1180645920103416,
Lichtenberg,54506190,560,forward,500000,submission,1,0.01960160535440667,0.0,0.4168561539845541,2.3636075704073505e-14
Lichtenberg,54506190,560,forward,500000,submission,8,0.019601605354405846,7.334482546466166e-15,0.9175163200125098,2.4179958172300294e-14
Lichtenberg,54506190,1120,forward,500000,baseline,1,0.00498223774061835,0.0,0.4165987790329382,
Lichtenberg,54506190,1120,forward,500000,baseline,8,0.004982237740619503,4.930390852855357e-14,1.1273453109897673,
Lichtenberg,54506190,1120,forward,500000,submission,1,0.00498223774061835,0.0,0.6693219140870497,6.707505102289573e-14
Lichtenberg,54506190,1120,forward,500000,submission,8,0.004982237740619503,4.930390852855357e-14,1.2832920450018719,6.767546717241007e-14
Lichtenberg,54506190,2240,forward,500000,baseline,1,0.0012526696977797867,0.0,0.5692665770184249,
Lichtenberg,54506190,2240,forward,500000,baseline,8,0.0012526696977841827,3.8120475434865874e-14,1.1294148489832878,
Lichtenberg,54506190,2240,forward,500000,submission,1,0.0012526696977797867,0.0,0.6698208129964769,1.8906223885052556e-13
Lichtenberg,54506190,2240,forward,500000,submission,8,0.0012526696977841827,3.8120475434865874e-14,2.2980267809471115,1.8783474890594927e-13
Lichtenberg,54506190,4480,forward,500000,baseline,1,0.00031364204937912616,0.0,0.9695231330115348,
Lichtenberg,54506190,4480,forward,500000,baseline,8,0.000313642049480401,1.0643413102607632e-12,1.4229145359713584,
Lichtenberg,54506190,4480,forward,500000,submission,1,0.00031364204937912616,0.0,0.5702383320312947,5.162742907455117e-13
Lichtenberg,54506190,4480,forward,500000,submission,8,0.000313642049480401,1.0643413102607632e-12,1.2168382339878008,5.150784723338549e-13
Lichtenberg,54506190,8960,forward,500000,baseline,1,7.844123319378235e-05,0.0,0.6177501090569422,
Lichtenberg,54506190,8960,forward,500000,baseline,8,7.844123326187847e-05,7.076659682953179e-13,1.4670670309569687,
Lichtenberg,54506190,8960,forward,500000,submission,1,7.844123319378235e-05,0.0,0.6167737710056826,1.6653794718403017e-12
Lichtenberg,54506190,8960,forward,500000,submission,8,7.844123326187847e-05,7.076659682953179e-13,1.4682949510170147,1.662216619300088e-12
Lichtenberg,54506190,8000,forward,10000,baseline,1,0.5188700250145775,0.0,0.6171619279775769,
Lichtenberg,54506190,8000,forward,10000,baseline,8,0.5188700250147267,1.9489194929783904e-12,2.09452131902799,
Lichtenberg,54506190,8000,forward,10000,submission,1,0.5188700250145775,0.0,0.7701413149479777,1.7611714930347363e-12
Lichtenberg,54506190,8000,forward,10000,submission,8,0.5188700250147267,1.9489194929783904e-12,1.5289452290162444,8.669458818801174e-12
WSL,,8000,forward,50000,baseline,1,0.12106312387932494,0.0,0.7158199590630829,
WSL,,8000,forward,50000,baseline,4,0.12106312387898942,1.7857217836240385e-12,0.9066242760745808,
WSL,,8000,forward,50000,submission,1,0.12106312387932494,0.0,0.5174515550024807,3.5531857574276143e-12
WSL,,8000,forward,50000,submission,4,0.12106312387898942,1.7857217836240385e-12,0.856975523987785,2.888604759028894e-12
WSL,,8000,forward,100000,baseline,1,0.017862689038461634,0.0,0.46724279900081456,
WSL,,8000,forward,100000,baseline,4,0.017862689038330663,1.3077884606050435e-12,0.8062614299124107,
WSL,,8000,forward,100000,submission,1,0.017862689038461634,0.0,0.5174608789384365,1.0282543490623362e-11
WSL,,8000,forward,100000,submission,4,0.017862689038330663,1.3077884606050435e-12,0.856021594023332,1.600218826891556e-11
WSL,,8000,forward,200000,baseline,1,0.0014649761347202753,0.0,0.5169560019858181,
WSL,,8000,forward,200000,baseline,4,0.0014649761349577067,1.0439403751831184e-12,0.7537672000471503,
WSL,,8000,forward,200000,submission,1,0.0014649761347202753,0.0,0.5169576560147107,9.312699733200286e-12
WSL,,8000,forward,200000,submission,4,0.0014649761349577067,1.0439403751831184e-12,0.7534822960151359,6.129843341766264e-12
